ticker,mean_volume,median_volum
ACB.TO,15880539.203517588,11333481.0
BBD.B.TO,7027962.908252853,5311101.0
XIU.TO,6555506.979317931,4202187.0
CNQ.TO,6527301.465876673,3534294.0
APHA.TO,5267723.236024844,3632539.0
MFC.TO,4616245.2677199915,3769495.0
CNR.TO,4182373.1852502194,2022810.0
HEXO.TO,4031753.9345238097,3296474.0
RY.TO,3845857.396971692,2987000.0
BTO.TO,3807825.5489021954,2917552.0
ECA.TO,3789377.5456615803,3063563.0
TD.TO,3763324.1263989466,3138200.0
SU.TO,3752918.453644572,3223600.0
BNS.TO,3698554.48332602,2201000.0
K.TO,3423590.552337064,2880900.0
BB.TO,3171030.0307422047,1954250.0
TGOD.TO,3120763.3774509802,2331042.0
YRI.TO,3093435.5680421423,2345706.5
TECK.B.TO,3020731.046153846,2351039.5
ABX.TO,3018476.7924072854,2645500.0
CCO.TO,2991411.228878648,1394148.0
LUN.TO,2865726.4589623935,2190233.0
G.TO,2565648.5633091945,2302793.0
H.IR.TO,2516164.730569948,1285000.0
CVE.TO,2452324.764477096,1930218.5
BAM.A.TO,2431506.3874506364,1309537.0
BCE.TO,2390014.6731022377,1665889.5
CRON.TO,2373031.210526316,1601016.0
FM.TO,2298955.0032923617,1893119.0
FIRE.TO,2032902.9285714286,1461301.5
ENB.TO,2030818.6906537956,1580530.0
HOD.TO,1974829.662123386,1745966.0
RCI.B.TO,1952126.0566286216,1363663.5
PD.TO,1935874.605887522,1374899.0
PCY.TO,1753483.6306941432,612765.0
NMX.TO,1690096.6327769347,1084096.0
HND.TO,1668220.947954056,999797.0
BMO.TO,1594146.239359368,1344504.5
ATH.TO,1590989.950716846,1170020.0
WCP.TO,1589783.5718562875,1321485.0
IMG.TO,1588721.0155770076,1265883.5
SGY.TO,1529259.0917481,1063799.0
TCW.TO,1522464.1281826163,763964.0
HSE.TO,1517173.6826859775,1140000.0
IMO.TO,1512142.9471259324,943040.5
AC.TO,1499675.710453284,1243514.0
ATD.B.TO,1477911.9804696073,902700.0
WEED.TO,1472977.6398305085,49537.5
T.TO,1453279.5661619487,1151800.0
HOU.TO,1428122.8210323204,363279.0
ECN.TO,1416270.2935323382,973299.0
TRP.TO,1413763.7856045645,1209557.0
HBM.TO,1377159.3795045046,1070573.5
DOL.TO,1370671.1511627906,865779.0
CPG.TO,1356854.1142341413,858533.5
BTE.TO,1345017.0122914838,435000.0
SLF.TO,1334883.0972130788,1143600.0
EFN.TO,1321332.576026637,950201.0
TRST.TO,1319489.4367346938,1008227.0
CM.TO,1294150.678367705,1088358.5
CEE.TO,1292614.4175414832,127200.0
NA.TO,1223703.7903863038,1029106.5
NGD.TO,1196242.4046855734,903650.0
TV.TO,1160027.7354900094,625644.5
NTR.TO,1138854.0625,977236.5
MG.TO,1109870.0002196836,932155.0
MEG.TO,1107355.2196828357,701250.0
TRQ.TO,1076124.7795371497,805458.5
OSK.TO,1050973.734001542,352018.0
SJR.B.TO,1037060.7836295809,803773.0
IVN.TO,1035115.807306406,710941.0
NXE.TO,1026910.4938837921,704953.5
KL.TO,998201.318918919,777444.0
OGC.TO,991837.714729217,596109.0
BHC.TO,986742.1568627451,850668.0
HNU.TO,966920.9845634346,272558.0
S.TO,957694.8228709394,671231.5
SMF.TO,946490.7390827299,644500.0
ARE.DB.C.TO,941941.7475728155,112000.0
GIL.TO,929136.9188240457,653729.5
TOG.TO,912659.8718929255,744473.0
VII.TO,902550.2585410896,723736.0
XEG.TO,899477.7596432553,698647.0
IPL.TO,897065.4533527697,732384.0
CS.TO,893317.5595954073,557876.0
WPM.TO,884192.6741573034,770640.0
DML.TO,883572.114085125,499161.0
PGF.TO,880484.3137557959,469800.0
KEL.TO,872034.3764157229,653107.0
AEM.TO,856020.0219560878,755950.5
MRU.TO,838253.5644355644,710343.0
GIB.A.TO,835698.3492759982,628000.0
TRI.TO,830131.0670182378,648398.0
RNX.TO,823705.5338199513,152301.0
DGC.TO,815271.610376735,608868.0
ARX.TO,804603.471143296,674298.0
CAE.TO,788192.4028966426,558975.0
PONY.TO,786000.0158730159,631988.0
TVE.TO,757903.417519909,530468.0
POW.TO,757236.2350746269,594525.5
GTE.TO,756148.2863340564,557716.0
TSGI.TO,743961.0382653062,532009.5
CLS.TO,741543.6217639316,510947.5
AR.TO,735745.0349813433,538888.5
EFN.DB.A.TO,714866.4701492537,129500.0
TA.TO,707538.0394996708,545700.0
XGD.TO,696122.5140562248,494450.0
BIR.TO,686751.0551158019,436600.0
HXU.TO,670907.3631284917,347062.0
THO.TO,670532.0146185473,420833.0
FCU.TO,670180.3816029144,491212.5
CR.TO,664551.819680577,495001.0
AKG.TO,664204.1685542972,396640.0
CG.TO,635355.5190528035,452876.5
PSK.TO,631745.9108494533,475597.0
SHC.TO,622514.3263979193,395796.0
PLI.TO,620231.5436978481,252604.0
GWO.TO,616810.385476086,426193.0
MGA.TO,614918.7713463383,395250.0
AIM.TO,609110.7275449102,382369.5
TOU.TO,605870.623752495,513735.0
AGI.TO,605124.6948968512,488727.0
FF.TO,585041.0811455847,442967.0
ERF.TO,583778.5040596884,391800.0
FTS.TO,566496.8944481019,417700.0
PWF.TO,558750.8470149253,418904.5
PRU.TO,555812.7781851513,320030.0
HMMJ.TO,551068.1289640592,385713.0
CP.TO,548825.2876337965,456400.0
BSX.TO,548207.804088586,269625.0
ASR.TO,543962.7929537912,352234.0
SNC.TO,538691.6039517014,373273.0
NEXT.TO,536421.7960954447,218388.0
FNV.TO,523818.3361732339,446963.0
PEY.TO,523075.59137853613,381296.0
UEX.TO,522316.2837610938,313500.0
OTEX.TO,521976.89711538464,440761.5
SVM.TO,512295.9330343797,374775.0
WEF.TO,510681.73524404084,190650.0
PPL.TO,505185.5406593407,308783.5
H.TO,504836.2183406114,365151.0
HGD.TO,500828.71643238,172003.0
SAP.TO,498754.4136493307,393984.0
OBE.TO,497984.5990338164,390592.0
CNL.TO,495035.59694793535,335179.0
ELD.TO,493762.1380294053,420878.0
QBR.B.TO,493454.7634408602,352800.0
AAV.TO,490234.3617356115,345300.0
BNP.TO,489260.4876014922,339400.0
CJ.TO,485625.7376923077,384837.5
NSU.TO,483956.0406057946,326300.0
REI.UN.TO,483075.4972569673,421189.0
ESI.TO,482841.47652479156,314384.5
KAT.TO,477797.9366330391,190691.5
EFN.DB.TO,474149.57446808513,45000.0
IN.TO,472253.02173913043,338206.5
PNE.TO,471093.04149933066,207338.0
NWH.DB.G.TO,467906.9767441861,204000.0
WJA.TO,466820.0638718174,337317.0
LGO.TO,465302.88084464555,131340.0
FVI.TO,464286.66916167666,354603.5
HGU.TO,463811.79890560877,293227.0
FTT.TO,463707.0254553434,375847.0
AQN.TO,460284.11945241777,227800.0
PG.TO,455255.4185527574,307600.0
QSR.TO,451517.6954459203,380997.0
PRQ.TO,450519.5053246307,166198.0
HXD.TO,443373.9520210319,294700.0
L.TO,440097.81588764535,342889.0
CIX.TO,439321.33282073814,294656.0
PVG.TO,429518.93359375,344522.5
CEU.TO,417404.08933539415,291154.0
FR.TO,415334.9225367566,272700.0
ECS.TO,413189.9140625,267017.5
OR.TO,408857.0640269587,312636.0
MX.TO,404533.53028972785,321607.0
ROXG.TO,402460.8176100629,269950.0
TKO.TO,395299.4123616236,237500.0
MAXR.TO,388907.75942028983,273778.0
LUC.TO,387918.9499733901,272740.0
TDG.TO,385927.2465522094,256776.0
JE.TO,385476.73187108326,278901.5
TWM.TO,380836.6740506329,268373.5
HRT.TO,372922.9917398038,194000.0
CMMC.TO,370322.7847648262,230360.5
RGX.TO,367382.8362701909,174875.0
GUY.TO,367310.029286475,213858.0
AEF.TO,366248.9673550966,82720.0
CFW.TO,364636.9861751152,261200.0
CGG.TO,363469.0225442834,233060.0
KEY.TO,361568.8209030949,295320.0
VET.TO,359700.93471113197,287976.0
SES.TO,359618.31355932204,275662.0
CHR.TO,359270.9551374819,278484.0
SSL.TO,356597.35992342053,285653.0
NVA.TO,356421.48127388535,249400.0
HR.UN.TO,356214.28977569117,287512.5
U.TO,349321.9797512294,216456.0
OR.DB.TO,347861.96319018403,35000.0
PXT.TO,347769.63396838267,254119.0
HBC.TO,344962.1350318471,229581.5
DEE.TO,343978.6739666028,195341.0
DRG.UN.TO,341726.12989175686,274264.0
CFP.TO,332176.6353663888,247233.5
GOOS.TO,330241.5174537988,237553.0
UR.TO,329307.689217759,196875.0
GEI.TO,325529.50129198964,267323.0
CJR.B.TO,325285.17314022384,191200.0
CNE.TO,321411.81020408164,200771.5
GPR.TO,319322.75024453865,172800.0
NG.TO,315172.13796133565,226100.0
DIAM.TO,314394.0656370656,192650.0
DIV.TO,308207.9270738377,199417.0
INE.DB.B.TO,305775.5681818182,135000.0
IFP.TO,305698.2023313905,244387.0
ASP.TO,303400.70669745957,133800.0
CIA.TO,302122.52357723576,128539.0
ELR.TO,301441.8976311337,113685.0
ITX.TO,301231.628954608,42000.0
CHE.DB.D.TO,297030.1978021978,121000.0
PMN.TO,296064.82690187433,157810.0
XSP.TO,295528.77245104656,184000.0
ALA.TO,294651.9523913997,192798.5
EMA.TO,289884.93330408074,197000.0
WCN.TO,289406.6,231867.0
DPM.TO,289181.31416026346,167924.0
GXE.TO,287672.98258894775,186410.0
QTRH.TO,286642.775462963,195847.0
URE.TO,281666.90873493976,118274.5
ONEX.TO,281414.6916225995,184500.0
XFN.TO,277929.884057971,142600.0
CCL.B.TO,276049.7353522054,185015.0
DHX.DB.TO,274702.85714285716,500.0
LYD.TO,270766.99851079675,125228.0
BNE.TO,269733.8162077457,43852.0
BKX.TO,269198.85307346325,147465.0
SPB.TO,268206.4587357331,199000.0
HNL.TO,267257.1315120712,152058.5
QEC.TO,266417.1676907322,56225.0
CU.TO,265932.8321263989,194200.0
SOP.TO,265727.7518248175,160600.0
HXT.TO,265623.0768505422,162422.0
NKO.TO,265295.79389815626,112087.0
TFII.TO,262359.35807050095,221141.0
CSH.UN.TO,261671.782726452,203500.0
STN.TO,261476.66308165056,179556.0
MUX.TO,259348.73070422534,197402.0
SEV.TO,258833.04666666666,171056.0
X.TO,256421.46255506607,147200.0
PHO.TO,255063.23936170212,178202.0
SBB.TO,251612.49012291484,131562.5
CWB.TO,251449.8266783677,178619.5
POU.TO,250065.38366988586,143548.0
ARG.TO,249650.708489055,134269.0
BLDP.TO,247961.10192307693,142354.5
YRB.TO,246635.65865384616,100000.0
SRU.UN.TO,246435.6366630077,213809.0
IFC.TO,246125.27671541058,192439.0
NDM.TO,244898.21505376344,77700.0
IGM.TO,244509.98683633172,187550.0
LIF.TO,244418.38038725796,192468.0
USA.TO,242363.71851851852,79610.0
HCG.TO,240796.72685388327,148485.0
EMP.A.TO,236021.4527101163,155507.0
SSRM.TO,235815.60256410256,199380.5
CRH.TO,235156.10775606867,144083.0
SWY.TO,233898.86598224196,98525.0
JAG.TO,232625.7819713038,118884.5
CF.DB.A.TO,231015.74803149607,52000.0
BPY.UN.TO,231001.4663526245,134347.0
MOGO.TO,230134.03464453266,107115.0
SHOP.TO,229261.79766949153,169689.0
TCN.DB.U.TO,228474.89711934156,20000.0
BAR.TO,227390.42815884476,159900.0
ATZ.TO,226237.84166666667,143541.0
IAG.TO,223339.198332602,161477.5
HFU.TO,223315.16894197953,12795.5
BCB.TO,222372.34262510974,139789.5
AGF.B.TO,221938.633611233,142000.0
EXE.TO,221782.65525525526,164634.0
GC.TO,218593.84578313254,115651.0
LVN.TO,217434.14285714287,113110.0
MDI.TO,216973.39560922064,131100.0
CTC.A.TO,216856.42277314613,181529.0
PAAS.TO,216772.4597829112,163900.0
NPI.DB.C.TO,215652.1052631579,45000.0
RNW.TO,213343.30215827338,154658.0
ATA.TO,213048.19859556726,118500.0
TGZ.TO,212759.9494900437,134069.0
SCY.TO,212291.52448210923,126652.0
ARE.TO,210803.45336844414,152400.0
CPX.TO,207588.75206270628,165701.0
AX.UN.TO,206269.13205207686,168582.5
WSP.TO,205517.82184353215,168120.0
HEXO.WT.TO,204626.43452380953,152304.0
PDL.TO,204323.34745390693,57700.0
GUD.TO,201521.0223140496,142265.5
ZEB.TO,201261.1211041852,112542.5
DRT.TO,200410.39527798933,123378.0
FSY.TO,198355.52130406714,69750.0
RUS.TO,197943.43274083827,151600.0
HZD.TO,197454.56775010552,38574.0
ACB.WT.TO,196493.078313253,97687.5
MRE.TO,196443.9471143296,112351.0
TCN.TO,196148.7517209729,148891.0
TLG.TO,195546.0224719101,37505.0
HSU.TO,194741.3719716735,123284.0
CF.TO,193632.49659307714,119272.0
AVL.TO,193532.03723287067,70600.0
JE.DB.C.TO,192855.35117056855,78500.0
PBH.DB.G.TO,191170.25862068965,98000.0
FSZ.DB.TO,190679.180887372,40000.0
YGR.TO,189957.8998287671,125253.5
DHX.TO,189801.65670955883,42350.0
MRT.DB.TO,188890.46078431373,64500.0
CUF.UN.TO,186952.14947322212,103550.0
PSI.TO,186058.8286153171,95600.0
CKE.TO,186014.35329341318,87700.0
GEN.TO,185324.6567366283,5416.0
LAM.TO,184633.2472195742,114900.0
KMP.UN.TO,182805.4796437659,126124.5
SAU.TO,181608.9327892463,52300.0
NML.TO,181036.85412147504,90155.0
CHP.UN.TO,180354.68953323903,67023.0
JE.DB.D.TO,179948.4126984127,76000.0
ATP.TO,179100.82806573957,105063.0
ESN.TO,178529.64724310776,109331.5
WFT.TO,177047.81676541583,123600.0
MTL.TO,176890.75917380795,117117.0
SII.TO,176609.43823964498,90876.5
CHE.DB.C.TO,176353.1241935484,61000.0
BIP.UN.TO,175193.46017699115,131550.0
NHK.TO,173607.1052631579,87370.0
VLE.TO,172758.9335832887,64802.0
MND.TO,172611.6358175751,19000.0
EDT.TO,172038.4149855908,73176.0
CDV.TO,171412.37554140127,72200.0
EIF.DB.I.TO,171311.22448979592,72500.0
ACO.X.TO,170948.4205792014,126547.0
GOLD.TO,169750.98830409357,131979.0
GEI.DB.TO,168551.9005847953,20000.0
WM.TO,167028.63421570772,49600.0
MIC.TO,166355.10123966943,127438.0
EDR.TO,165332.2742541,109800.0
TCL.A.TO,164916.758726674,107100.0
HSD.TO,164426.16362281027,79222.0
ME.TO,164186.14198206083,66000.0
ER.TO,163979.46860643185,80700.0
DSG.TO,163794.42659644503,85800.0
CAS.TO,163381.6625713032,109622.0
PKI.TO,162426.65876152832,113018.5
COP.TO,161804.77082601056,42000.0
DNT.TO,161546.15375982042,68500.0
GMP.TO,161543.4469816273,73800.0
MFI.TO,161378.41847706825,111000.0
NPI.TO,160705.8720035188,110100.0
BKI.TO,160386.19758064515,45750.0
GGA.TO,159210.5400516796,38137.5
LGD.TO,158774.48098434004,106403.0
VMD.TO,158653.9,114097.0
WRG.TO,158424.72402597402,86392.0
CJT.DB.C.TO,158000.0,35000.0
CAR.UN.TO,157770.83326020185,121093.5
FT.TO,157161.09997812295,42800.0
ALO.TO,157030.13258426965,112758.0
ZPR.TO,155866.46815286623,107860.0
DC.A.TO,155079.09019091507,76300.0
ROOT.TO,153886.69461077845,89597.0
AOI.TO,153342.99336099584,105818.0
GSV.TO,152705.34302325582,93535.5
SW.TO,152564.85670397192,97100.0
BEP.UN.TO,152350.15600882028,121273.0
REAL.TO,151493.83705357142,57443.0
ATP.DB.E.TO,151346.8634686347,49000.0
KER.TO,150746.96567862714,73543.5
D.UN.TO,150128.69607197717,101400.0
EFX.TO,148403.64086687306,110138.5
LMC.TO,147415.195,114374.5
SCL.TO,147169.65407956846,112994.0
RET.A.TO,146837.61334211103,56100.0
SGY.DB.TO,146514.1065830721,25000.0
VNP.TO,146032.32442067735,70010.0
STEP.TO,146012.90549450548,103820.0
XIC.TO,145923.51641526175,91141.5
TRL.TO,144893.31785195935,27355.5
WDO.TO,143505.7847298184,32765.0
EXE.DB.C.TO,142860.46511627908,47000.0
FRU.TO,142478.02655255652,97300.0
CGX.TO,141095.78013071895,100766.0
TXG.TO,141067.72426555632,29510.0
LNR.TO,140994.68992758394,98436.0
TOS.TO,140691.7884231537,71603.5
EIT.UN.TO,139553.57702464788,112024.5
PBH.DB.F.TO,138928.05755395684,48500.0
FCR.TO,138762.37889425186,77933.0
DIR.UN.TO,137675.9163545568,99578.5
TH.TO,137267.80794556628,70729.0
CLQ.TO,136009.28900112232,26500.0
GGD.TO,135822.17212041884,57157.0
MIN.TO,134728.23255813954,92162.5
RSI.TO,134648.66600833883,94200.0
XRE.TO,134303.25897874418,91647.0
AFN.DB.E.TO,133836.23693379792,61000.0
KML.TO,133313.0871559633,89473.0
MOZ.TO,133033.27456790124,43200.0
FEC.TO,132658.63353658537,37300.0
NWC.TO,132103.9220636663,75676.0
TAO.TO,131755.6158663883,76189.5
DOO.TO,131618.47474048444,85273.0
GPS.TO,130933.40400471142,49176.0
TGL.TO,130583.72635505816,69000.0
WTE.TO,129135.84984984985,98192.0
NFI.TO,129078.46366047746,83448.0
DBO.TO,128959.11055022715,74850.0
EIF.DB.J.TO,128144.59638554217,61000.0
MAG.TO,127293.94952819837,89600.0
SIA.TO,126720.18390804598,103381.0
AEZS.TO,126494.7002967359,62148.0
ITP.TO,126331.99318231801,65943.0
TGOD.WT.TO,124936.00980392157,63663.5
TIH.TO,124792.21242045205,89272.0
CSM.TO,123840.59733606558,44793.0
CGT.TO,123771.11772315654,66820.0
WRN.TO,123570.77570674122,61690.0
GSY.DB.TO,123267.89838337182,51000.0
ABT.TO,123171.62688366485,60750.0
SVB.TO,122004.45028046914,25200.0
BLX.DB.A.TO,121182.86334056398,43000.0
NEPT.TO,119554.87980769231,41349.5
RBA.TO,119548.97515199576,83400.0
NVU.UN.TO,119344.55917874396,94597.5
ZSP.TO,118767.86305732484,46650.5
ZZZ.TO,117821.50165745856,72025.0
GXO.TO,116959.30720338984,81292.0
INE.TO,116476.91010427904,81551.0
CDH.TO,116355.11596899225,56500.0
STLC.TO,116221.13149847095,86744.0
WN.TO,115845.27358490566,92025.5
LAC.TO,115801.05910290238,26784.0
ORV.TO,115461.15160796324,61617.0
TD.PF.L.TO,114575.47368421052,57385.0
BXE.TO,114177.33113890718,58542.0
TI.TO,113742.51775147929,33275.0
NCP.TO,113560.98932384342,55255.0
ZWB.TO,113251.06736526947,93512.5
CSU.DB.TO,112480.80074836296,17000.0
BDI.TO,112285.59367945824,61400.0
OSB.TO,112060.84613236526,50560.0
PBH.DB.E.TO,111541.25,30000.0
AAB.TO,110727.90667257814,21422.0
TEV.TO,110106.43537414966,16862.0
MRG.DB.A.TO,109383.72093023256,41000.0
AKU.U.TO,108850.86319218241,26800.0
CHE.DB.B.TO,108747.95088907705,42000.0
ENGH.TO,107423.772845953,40050.0
BEI.UN.TO,106908.3084686266,77500.0
CIC.TO,106161.72323182711,30490.5
NUS.TO,105543.93349376504,40700.0
NB.TO,104273.24147843942,63800.0
DII.DB.U.TO,104255.30232558139,21000.0
CRR.UN.TO,104215.97500771367,71010.0
CHH.TO,104135.91352785146,25000.0
EDV.TO,104059.88319458897,32225.0
NMX.WT.TO,103667.07132018209,50000.0
CLIQ.TO,103577.80612244898,74227.0
CCM.TO,102848.60253558718,37415.0
WRX.TO,102362.12739025048,29000.0
AUG.TO,101888.86896551723,77681.0
XBB.TO,101560.5435520362,73100.0
NWH.UN.TO,101511.35504014273,68398.0
EFL.TO,101253.581938326,30500.0
CM.PR.T.TO,101128.21739130435,78608.0
ASND.TO,101083.61,40750.0
DRM.TO,101068.78571428571,46130.5
AP.UN.TO,101019.99228855722,74917.0
INE.DB.A.TO,100874.07536557931,27000.0
YPG.DB.TO,100719.73255813954,5214.5
KWH.UN.TO,100220.09587301587,56672.0
ETG.TO,99848.47602845654,54100.0
XCB.TO,99796.32974910394,53316.0
BAD.TO,99432.76855318212,51900.0
HBU.TO,99134.24577793748,30306.0
TNX.TO,98983.63885057472,62438.5
SRX.TO,98917.38526912182,33400.0
SBR.TO,98811.42273534636,28500.0
LB.TO,98749.34877085162,69645.0
HIX.TO,98365.70207667732,36400.0
WPK.TO,97045.12946625496,16497.5
CHE.UN.TO,96670.53066304594,58913.0
MAX.TO,96392.34270650263,36742.0
GSC.TO,96382.9824484423,50751.0
RVX.TO,96304.99010460843,41264.0
CFX.TO,96185.45263827081,58886.5
TS.B.TO,95895.59842001316,48700.0
SMU.UN.TO,94702.08306911858,49339.0
FRII.TO,94669.16216216216,41575.5
HEU.TO,94333.27337883959,30816.5
TXP.TO,93476.20735785953,40317.0
XTR.TO,93256.94672754947,64600.0
BBD.A.TO,93079.11254936375,57100.0
PPR.TO,92395.21440261866,61801.0
CMG.TO,92177.97520876827,50017.5
S.WT.TO,92172.9040590406,13000.0
CBO.TO,91169.66374501992,74434.0
CPD.TO,90798.71769050017,67597.0
HOT.UN.TO,90761.47308520455,48800.0
DCM.TO,90082.57299670692,23652.0
NZC.TO,90058.25438596492,80158.0
GRT.UN.TO,89796.2974025974,68938.5
FIE.TO,89536.82308037719,69899.0
CGL.TO,89519.94327824922,52600.0
EIF.DB.H.TO,88757.70925110132,34000.0
MSI.DB.A.TO,88544.32624113475,33500.0
PTG.TO,88430.73076923077,62540.0
AFN.DB.D.TO,88036.95652173914,25000.0
CET.TO,87571.59039052216,44620.5
NWH.DB.E.TO,87075.0,17500.0
AD.TO,86778.71966359632,59388.0
EGL.TO,86686.78803641093,59405.0
ATP.DB.D.TO,85874.48038585209,33000.0
AXR.TO,85872.82779640354,56883.0
BNC.TO,85272.11610853093,26300.0
NGQ.TO,84999.72825368862,27100.0
AQA.TO,84815.62068160597,26350.0
ENT.TO,84364.63874788494,23875.0
DLR.TO,83813.97824987354,59470.0
NIF.UN.TO,83578.12559241705,49400.0
ERD.TO,83512.43670115642,31500.0
DIV.DB.TO,83230.76923076923,15000.0
OMI.TO,83129.54497354498,20000.0
ACI.TO,82614.65060240965,39784.0
UFS.TO,82262.30772617213,50467.0
ETX.TO,82222.02588235294,16500.0
KEL.DB.TO,81883.68794326241,0.0
ACQ.TO,81824.47876327296,39199.0
XIN.TO,81252.41363532373,50500.0
CBL.TO,81194.39126853377,38815.0
XAU.TO,80200.72291780077,45777.0
BBU.UN.TO,79728.74198250729,49154.0
SHLE.TO,79398.38329764454,40600.0
MQR.TO,79155.73529411765,52762.5
TLO.TO,78830.16542750929,25000.0
TF.TO,78096.0574018127,65691.5
TML.TO,78087.8247734139,48065.5
VGRO.TO,77714.73308270676,70649.5
ALC.DB.A.TO,76680.95238095238,23000.0
DFE.TO,75804.06290531777,25400.0
URB.A.TO,75375.33947368422,36541.5
DR.TO,75005.1706185567,52151.0
PSD.TO,74829.39708939708,33007.0
NCU.TO,73270.40158172233,24817.5
CLIQ.DB.TO,73215.78947368421,38500.0
XSB.TO,72830.0769738289,51000.0
KXS.TO,72314.38103302286,55581.0
IRON.TO,72225.32854864433,24000.0
MI.UN.TO,72111.27777777778,34998.0
NWH.DB.F.TO,72084.90145985401,25000.0
HQU.TO,71924.5697240865,35431.0
VNP.DB.TO,71875.58297872341,15000.0
HOT.DB.U.TO,71603.28638497653,31500.0
ESM.TO,71389.38861788617,39935.0
EXN.TO,71157.51996489688,39960.0
TMI.TO,70751.64297253636,40000.0
CCA.TO,70660.9791529515,47600.0
CM.PR.R.TO,70489.43418013857,21300.0
CJ.DB.TO,70371.35453474676,9000.0
XDV.TO,70122.39793438639,54655.5
SOT.UN.TO,69825.07955182073,29407.0
MPVD.TO,69536.59648142976,36300.0
ESP.TO,69427.408045977,12600.0
OLA.TO,69330.79487179487,33736.5
KOR.TO,69292.16159250586,39400.0
SMC.TO,68863.08165057068,19913.0
MAV.TO,68559.43949044586,17000.0
III.TO,67642.99758613123,35870.0
XMA.TO,67298.82472660996,40200.0
JWEL.TO,67242.46210268949,42537.0
BDT.TO,67053.17966830467,39102.5
BTB.UN.TO,66466.75059382422,50406.0
BLX.TO,66307.60552874068,27362.5
CWX.TO,66210.4284057971,28150.0
VFF.TO,66178.62797125484,8000.0
WPRT.TO,66081.29298831386,39814.5
TOY.TO,65945.82458100558,43523.0
MSI.TO,65885.1806010116,39498.0
TD.PF.H.TO,65868.4376012966,16492.0
PTM.WT.U.TO,65300.51794871795,0.0
DRA.UN.TO,65114.57831325301,44583.0
FSV.TO,63775.57437472576,37614.0
HPR.TO,63501.54391217565,38575.5
DXI.TO,63263.75,19054.0
GS.TO,63134.58135168961,33959.5
FIH.U.TO,62398.294117647056,33283.0
PLZ.UN.TO,62251.28826728827,41352.0
NKO.NT.TO,62221.83653846154,0.0
AZZ.TO,61857.26432532348,8020.0
Y.TO,61843.61950904393,29582.5
IPO.TO,61558.74520069808,29655.0
SRHI.WT.TO,61350.282907662084,11000.0
ZAG.TO,61195.61896322552,26080.0
RAY.A.TO,60726.34973262032,21832.0
GCL.TO,60715.740426775796,31618.0
SOX.DB.A.TO,60313.19531953195,23000.0
PHX.TO,60041.70691068014,30377.0
ALS.TO,59615.47446808511,38545.0
CWX.NT.A.TO,59368.42105263158,15000.0
NWH.DB.D.TO,59224.964539007095,15000.0
HHL.TO,58971.525597269625,50702.0
CLR.TO,58833.53045822102,34496.0
SOLG.TO,58720.46287128713,23652.5
MSV.TO,58712.52012012012,33512.0
ITH.TO,58396.6393659181,17500.0
CIGI.TO,58341.20531914894,44990.0
PIF.TO,57809.690274841436,30346.0
ZAR.TO,57716.03643546971,38000.0
LUG.TO,57514.15090735435,31000.0
ZCN.TO,57455.013179571666,25930.5
GQM.TO,57087.159483701595,28000.0
BB.DB.V.TO,56414.58733205374,0.0
IN.WT.TO,56403.72189349112,16957.0
NOA.DB.TO,56372.34042553192,12000.0
TRZ.TO,56342.071863581,38150.0
HE.TO,56309.18900555899,16050.0
AIF.TO,55785.99883923389,30643.5
BGI.UN.TO,55533.76583629893,47534.0
TNT.UN.TO,55467.02175438596,31400.0
MAW.TO,55389.3271313524,24700.0
AFN.DB.C.TO,55300.936768149884,19000.0
E.TO,54913.21052631579,19400.0
IIP.UN.TO,54806.65576432382,11500.0
DNG.TO,54794.85323992995,32879.0
CCZ.TO,54582.921104972374,14300.0
AFN.DB.B.TO,54564.524033930255,10000.0
EPS.TO,54312.403533568904,15149.5
FOOD.TO,54072.881395348835,29937.5
PGI.UN.TO,53861.989482200646,42629.0
DII.B.TO,53747.888767003074,35300.0
IBG.DB.D.TO,53647.05882352941,16000.0
TF.DB.B.TO,53582.84600389864,20000.0
AVP.TO,53550.01739326858,5867.0
BMO.PR.E.TO,53464.92727272727,17728.0
RCH.TO,53050.152326602285,21000.0
GTMS.TO,52999.13265306123,13350.0
HZM.TO,52724.24325726141,0.0
UNS.TO,52473.17493415277,20600.0
AJX.TO,52290.072222222225,25060.0
SCB.TO,52157.22041259501,19900.0
DLR.U.TO,51637.10851202079,35444.0
ZWU.TO,51634.380304679,41976.0
ZCS.TO,51151.58014247551,30512.0
AGT.TO,50355.02952353113,29632.0
TRP.PR.K.TO,50317.56183745583,16095.5
ECO.TO,50231.02953586498,11053.5
CLF.TO,49562.627789776816,38715.0
TF.DB.A.TO,49021.739130434784,19000.0
AMM.TO,48930.77473042663,27421.5
WJX.TO,48905.68890183513,35047.0
FAP.TO,48899.541246160596,41931.5
ZUB.TO,48848.47045454545,25866.0
CRDL.TO,48768.16279069767,32752.0
NCF.TO,48758.94409937888,13925.0
SDY.TO,48300.00483325278,14400.0
POM.TO,48175.32151589242,22525.0
AUP.TO,48129.00764655905,20550.0
XTC.TO,47662.031842818426,15355.0
SOT.DB.TO,47570.37037037037,19000.0
OPS.TO,47021.28112449799,27114.0
SJ.TO,46901.573662188945,20932.0
PAY.TO,46779.92147624656,3300.0
SSL.WT.TO,46714.64388185654,6709.0
HED.TO,46369.756830601094,23202.0
SEA.TO,46185.32528533802,27663.5
TMR.TO,45913.26425438596,28386.5
RSI.DB.E.TO,45718.25396825397,16000.0
TD.PF.K.TO,45602.875,16685.0
FTN.TO,45473.814032342205,18608.0
AFN.TO,45140.96027027027,29500.0
NPK.TO,45088.34570765661,19947.0
VBAL.TO,44806.33082706767,41718.5
AI.DB.D.TO,44768.2119205298,13000.0
RY.PR.S.TO,44763.05194805195,24313.0
IPLP.TO,44546.079268292684,23473.0
BNS.PR.I.TO,44396.94565217391,28280.0
PL.TO,44338.007604562736,14653.0
HWO.TO,44322.5467603912,22181.0
ORL.TO,44276.89158279963,17200.5
GDC.TO,44233.33546819788,11800.0
WIR.U.TO,44207.173050615595,22981.0
XSU.TO,44033.410440122825,24000.0
ZHY.TO,43979.819234194125,27361.5
EXF.TO,43708.15577557756,21723.0
MRT.UN.TO,43469.616330114135,28038.5
FSZ.TO,43413.23499061914,21616.0
HFR.TO,43081.620253164554,22781.0
BIK.PR.A.TO,42937.61538461538,12468.0
NPF.UN.TO,42889.365522174536,4911.0
XUS.TO,42833.57715839565,29713.0
VFV.TO,42742.1216730038,31082.0
MBA.TO,42568.739149689995,20500.0
GEO.TO,42468.13090024331,6000.0
PLZ.DB.E.TO,42379.44664031621,12000.0
XMD.TO,42287.77597330367,13127.0
MBX.TO,41928.63827899756,19500.0
EIF.TO,41684.21956740443,17200.0
DGS.TO,41641.84704131001,15521.0
PRNTO,41387.37837837838,24200.0
HZU.TO,41078.17602363867,30255.0
VNR.TO,40998.73782360685,33300.0
BNS.PR.H.TO,40917.09983633388,10500.0
ZWE.TO,40559.773041474655,32019.5
CDZ.TO,40458.8537447766,32000.0
BMO.PR.B.TO,40375.13628620102,8327.0
CWB.PR.D.TO,40239.055555555555,18882.5
PBH.TO,40225.22713280563,18599.0
XHY.TO,40148.2425852147,28727.0
TOT.TO,39959.81437125748,23118.0
ADW.A.TO,39860.456066945604,17298.0
SXP.TO,39838.609031858956,17700.0
XEF.TO,39696.42760027193,29682.0
AII.TO,39660.688524590165,26604.0
MMP.UN.TO,39508.336492890994,28192.0
XIT.TO,39392.08892355694,21100.0
CXN.TO,39365.745533558664,0.0
AQY.A.TO,39193.478155339806,100.0
RY.PR.Q.TO,39164.88610763454,13365.0
HOM.U.TO,39107.380208333336,26268.5
SRT.UN.TO,39009.46419753086,28660.0
ZBK.TO,38912.03253968254,22794.5
PNC.B.TO,38453.25168306577,0.0
FFH.TO,38428.351547070444,28501.0
HLC.DB.TO,38360.2787028922,12000.0
TPH.DB.E.TO,38297.993514915695,16000.0
AEF.WT.TO,38095.52128883774,750.0
APS.TO,37966.640249332144,22025.0
HYD.TO,37777.63989230424,10000.0
BLU.TO,37596.583021772596,3533.0
CRWN.TO,37489.89565217392,3220.0
ACR.UN.TO,37473.017704918035,25201.0
JOY.TO,37462.51192504259,11900.0
CM.PR.S.TO,37342.40579710145,15466.0
FC.DB.I.TO,37295.85798816568,10000.0
GSY.TO,37263.000658327845,18271.5
BNG.TO,37249.12530989407,8600.0
ZCL.TO,37236.82137371077,12990.0
FSB.TO,36888.27747252747,24598.5
EFR.TO,36857.33208955224,4709.0
PSB.TO,36748.395336787566,12638.5
MRD.TO,36597.07903402854,6500.0
XRB.TO,36582.64611178615,20130.5
MNT.TO,36488.02479338843,16140.0
VUN.TO,36020.10439164867,28253.0
XAW.TO,35970.52527254708,25772.0
CPH.TO,35952.34880368983,9425.0
NDM.WT.B.TO,35907.82005899705,3850.0
MRG.UN.TO,35881.0,27443.0
BXE.DB.TO,35799.28952042629,4000.0
PAR.UN.TO,35756.5008675535,22521.0
TD.PF.G.TO,35716.36107554418,11170.0
EIF.DB.G.TO,35705.75613618369,10000.0
DFN.TO,35649.52227260603,23317.0
HDI.TO,35356.47692307692,20177.5
SOX.TO,35153.867338371114,24631.0
CKI.TO,35033.26887417219,6164.5
BMO.PR.C.TO,34950.03252032521,7750.0
ENB.PF.K.TO,34721.20598006644,12810.0
ASM.TO,34562.07042253521,20088.0
CFF.TO,34314.8143812709,14164.0
NEO.TO,34314.45695364238,15675.0
GVC.TO,34289.81991572411,3950.0
KRN.TO,34217.494163424126,17627.0
HEX.TO,34128.9141566265,10568.5
CTF.UN.TO,34088.55139720559,14216.0
KLS.TO,33854.85008375209,18589.5
LN.TO,33850.14090287278,2000.0
ZLB.TO,33656.22415669206,25713.5
IVQ.DB.U.TO,33619.40298507463,12500.0
VCN.TO,33295.0467962563,27130.0
GDI.TO,33271.91211401425,12200.0
TMI.B.TO,33184.5379644588,10000.0
TRP.PR.J.TO,33182.16526610644,10436.0
SAM.TO,33124.67308533917,12625.0
IMV.TO,33059.933270676695,21336.0
GCG.A.TO,32864.85906188064,7930.0
VAB.TO,32612.68950276243,24198.5
PME.TO,32562.629389703376,24914.0
MFC.PR.R.TO,32561.31150442478,12444.0
ANX.TO,32474.985123605336,8125.0
ZWH.TO,32001.08095238095,26256.0
ITC.TO,31914.001705029837,15262.0
SOY.TO,31847.743551289743,18600.0
DR.DB.A.TO,31758.881706528766,10000.0
SUM.TO,31736.452908587256,11000.0
ATD.A.TO,31535.37942626625,2462.0
STGO.TO,31420.413612565444,11200.0
PLC.TO,31399.52801358234,22825.0
XCS.TO,31397.39346494214,16046.0
FVL.TO,31358.085976810326,9333.0
APR.UN.TO,31326.951165371807,15540.0
IBG.TO,30844.925344352618,16148.0
ENB.PF.I.TO,30841.274822695035,9793.0
FIG.TO,30807.98092209857,20806.0
RBN.UN.TO,30552.638760711932,22400.0
FGE.DB.A.TO,30548.872180451126,4500.0
PMIF.TO,30475.822857142855,19296.0
ZDV.TO,30421.5837867247,23688.5
ZCM.TO,30259.204957945993,17411.0
HSL.TO,30238.04800229951,2200.0
LFE.TO,30143.159562211982,16493.5
RME.TO,29851.52834958469,16300.0
BOS.TO,29840.703081876723,7000.0
DRX.TO,29699.460508995173,8600.0
NOA.TO,29658.529566360052,10251.5
VSB.TO,29488.7,19083.0
SIS.TO,29443.760975609755,5450.0
VEE.TO,29405.52320441989,18659.5
ZWC.TO,29236.706457925637,23285.0
ZQQ.TO,29210.78353253652,13616.0
ASP.WT.TO,29147.231707317074,0.0
ZRE.TO,29120.567211625796,21693.0
GCL.DB.A.TO,29057.61776447106,14000.0
TVK.DB.TO,28974.260599793175,1000.0
HRX.TO,28782.03052261748,9791.0
VSC.TO,28756.010773130543,18700.5
MOGO.DB.TO,28697.674418604653,3000.0
VXC.TO,28660.514629948364,24950.0
IVQ.U.TO,28641.792253521126,22551.0
HQD.TO,28437.405597014924,4830.5
HLF.TO,28343.661204708056,7400.0
ECS.WT.TO,28330.466135458166,950.0
FIRE.DB.TO,28285.714285714286,0.0
HFD.TO,28271.067143830947,11392.0
EMA.PR.H.TO,28099.527173913044,12244.5
XLB.TO,28082.784991843393,11803.0
ERO.TO,27974.536277602525,0.0
FC.DB.H.TO,27822.115384615383,5000.0
DF.TO,27776.579238529124,13500.0
PZA.TO,27716.19130998703,17405.5
AI.DB.C.TO,27699.530516431925,7000.0
ZIC.TO,27690.391650099402,10614.0
CHB.TO,27307.548030101814,17802.0
CSU.TO,27145.294136392607,18420.0
PPL.PF.A.TO,27105.37623762376,8900.0
BPF.UN.TO,27051.341650671784,18600.0
ET.TO,27043.872910753704,13470.0
HAB.TO,26742.705909725453,17554.0
ZLU.TO,26594.72016183412,17295.0
GMX.TO,26526.315685845548,9200.0
INV.TO,26507.83391887576,4700.0
TZZ.TO,26443.70302311796,20192.0
MR.DB.A.TO,26215.017064846415,5000.0
BCE.PR.K.TO,26126.092853416798,17271.0
COW.TO,25867.96827094474,9800.0
AI.DB.B.TO,25784.192064923354,9000.0
RY.PR.Z.TO,25764.232100708105,14160.0
TRP.PR.D.TO,25758.262,12519.5
TD.PF.C.TO,25753.86,13400.0
XCT.TO,25726.62778505898,6610.0
DFN.PR.A.TO,25598.325848303393,14363.0
RY.PR.J.TO,25513.00588235294,11672.0
MXG.TO,25458.77035735208,5492.5
XFR.TO,25373.266334440752,8369.0
ZDM.TO,25220.186553873555,11673.5
ATL.TO,24848.807419100238,2000.0
FAR.TO,24786.616544117645,4900.0
EFR.DB.TO,24768.208661417324,0.0
AI.TO,24676.027093596058,18435.5
LBS.TO,24554.803421562297,16885.0
BYD.UN.TO,24540.66703369302,14402.0
NA.PR.E.TO,24267.379562043796,10717.5
FTN.PR.A.TO,24234.671157684632,11500.0
FC.TO,24232.328343313373,19766.5
RY.PR.H.TO,24161.83558178752,12425.5
MFR.UN.TO,24094.841050449206,18349.0
CRT.UN.TO,24071.466254218223,8304.0
ONC.WT.TO,24065.735023041474,3000.0
OXC.TO,24002.596008258774,5600.0
MYA.TO,23837.936619718308,10945.0
MAL.TO,23597.56967032967,12600.0
ENB.PR.F.TO,23457.1088664422,13500.0
ZUT.TO,23451.73528109783,13800.0
TD.PF.A.TO,23385.713924050633,11096.0
XEI.TO,23370.804060913706,15686.5
XMC.TO,23367.83833494676,4670.0
XGB.TO,23232.875122269317,13175.0
NA.PR.C.TO,23232.61971830986,9300.0
UWE.TO,23103.097605893185,8597.0
FFN.TO,23055.353088480802,12310.0
BRY.TO,22956.593326381648,10348.0
GCM.TO,22843.0572450805,1409.0
ENB.PR.B.TO,22819.319504310344,13191.0
CTX.TO,22738.189261744967,10000.0
ZUE.TO,22707.547629039025,10333.0
TMD.TO,22679.877717391304,5448.5
TD.PF.J.TO,22502.605042016807,8273.0
BMO.PR.S.TO,22475.895387149918,10369.0
LNF.TO,22468.940026362037,6954.0
RBNK.TO,22355.03846153846,6976.5
VDY.TO,22304.235107731307,12441.0
GLG.TO,22209.749188018766,5000.0
BRB.TO,22191.418169672677,9300.0
BAM.PF.I.TO,22166.768959435627,5876.0
ENB.PR.Y.TO,22142.875871687585,11757.0
MR.DB.TO,22123.446647780926,4000.0
MCB.TO,22042.902955447727,6200.0
RPF.TO,22034.783251231525,13793.0
VGZ.TO,21912.96477794793,9640.0
SRHI.TO,21909.047151277013,13974.0
BMO.PR.D.TO,21902.731884057972,10804.0
PMT.TO,21897.969952818476,14110.0
NDM.WT.A.TO,21711.116899618806,500.0
FTS.PR.M.TO,21578.627362736275,8721.0
ENB.PR.N.TO,21564.196137598068,12630.0
HLS.TO,21488.81818181818,2524.0
INO.UN.TO,21370.106512890095,15667.0
ENB.PF.C.TO,21232.9405360134,10215.5
NA.PR.G.TO,21211.49717514124,8306.0
AUMN.TO,21166.35744680851,7562.5
IFC.PR.G.TO,21117.736559139787,11260.0
ENB.PR.D.TO,21050.533260032986,11062.0
TD.PF.B.TO,20949.223580786027,10777.0
FLI.TO,20937.232413178986,15644.0
OGD.TO,20801.70064910271,4000.0
FN.TO,20588.954059156702,12800.0
HBF.TO,20542.858361774743,14286.5
XWD.TO,20492.107569721116,7649.0
XEM.TO,20434.639525021204,12620.0
NA.PR.A.TO,20384.333825701626,5303.0
NWH.DB.TO,20353.61111111111,4000.0
PSA.TO,20320.63655244029,3040.0
DGS.PR.A.TO,20317.63373253493,9500.0
EQB.TO,20282.60729613734,7500.0
VIU.TO,20267.193788819877,15336.0
MFT.TO,20250.82937062937,7908.0
BMO.PR.T.TO,20199.186813186814,9785.0
BNS.PR.G.TO,20119.37702702703,7190.0
RY.PR.R.TO,19973.527260638297,7456.5
BIP.PR.F.TO,19957.63716814159,9127.0
MFC.PR.Q.TO,19935.748031496063,8966.5
FC.DB.G.TO,19886.029411764706,1000.0
BU.TO,19845.828767123287,9500.0
GCM.WT.B.TO,19798.700854700855,2200.0
TMD.WT.I.TO,19739.679802955667,0.0
OCS.UN.TO,19734.95359281437,15364.5
LXR.TO,19682.256470588236,7500.0
ENB.PR.P.TO,19656.43537414966,10905.0
TMD.WT.G.TO,19552.58443271768,0.0
MTY.TO,19515.630372492837,10000.0
ENT.DB.TO,19455.630287648055,0.0
CSD.TO,19424.75149700599,11551.5
XQB.TO,19417.67925504397,11400.0
CPI.TO,19342.528368794327,7617.5
ENB.PR.T.TO,19250.05452212957,10575.0
XHB.TO,19236.124750499002,12386.5
DXP.TO,19208.961685823753,10112.0
HSM.TO,19182.9469273743,12429.5
BSO.UN.TO,19141.407376362113,13223.0
OSL.UN.TO,19011.84231536926,13982.5
CQE.TO,19002.931210915292,7070.0
HBP.TO,19001.03619510042,7400.0
ZEQ.TO,18978.424603174604,10954.0
BNS.PR.Z.TO,18939.670658682633,8751.0
ALA.PR.K.TO,18922.811133200794,5335.0
TMQ.TO,18849.777957860617,8414.0
SCU.TO,18795.868443197756,8200.0
EOX.TO,18782.255319148935,2674.5
KML.PR.A.TO,18722.211488250654,6337.0
TD.PF.I.TO,18677.039603960395,8241.5
CXI.TO,18676.578804347828,4485.0
RECP.TO,18647.48969072165,15899.0
XSH.TO,18487.846112600535,9855.0
NWH.DB.C.TO,18422.973544973545,3000.0
TRP.PR.E.TO,18419.621579358874,7816.0
BAM.PF.J.TO,18356.275482093664,5956.0
ACD.DB.TO,18288.88888888889,0.0
PIC.A.TO,18226.750823994727,12600.0
MFC.PR.O.TO,18224.22074468085,7129.5
CM.PR.O.TO,18144.131355932204,8550.0
NVCN.TO,18025.13653846154,407.5
ENB.PR.V.TO,17868.789615643964,11493.0
BIP.PR.D.TO,17830.890595009598,7000.0
PVS.PR.G.TO,17749.90163934426,11700.0
TPX.B.TO,17692.647075606277,2558.0
VSP.TO,17641.0608365019,11556.0
XTG.TO,17640.47172547124,4000.0
HPF.TO,17550.527303754265,11552.5
BPO.PR.I.TO,17514.191419141913,9000.0
MID.UN.TO,17447.12801932367,9015.5
XEC.TO,17398.46838885112,9545.0
AI.DB.TO,17397.72089761571,2000.0
ALYA.TO,17364.2987012987,11057.0
TBL.TO,17316.46260032103,5100.0
NA.PR.X.TO,17308.246451612904,6168.0
RIT.TO,17271.859165709913,10369.0
HBD.TO,17087.622349982033,5630.0
CM.PR.P.TO,17056.238095238095,9244.5
ENB.PR.H.TO,16836.513856812933,10404.0
EF.UN.TO,16818.41346153846,11650.0
CORV.TO,16769.80310880829,9040.0
SMT.TO,16758.203595980962,3800.0
TF.DB.C.TO,16656.470588235294,0.0
NA.PR.S.TO,16582.584980237156,7837.0
AW.UN.TO,16483.852597098736,11100.0
SID.TO,16444.567567567567,4700.0
LFE.PR.B.TO,16435.023923444976,9100.0
ENB.PF.U.TO,16412.785840707966,10670.0
BNS.PR.E.TO,16357.558897243107,7290.5
WXM.TO,16306.72304199773,8373.0
BL.UN.TO,16251.83116883117,11600.0
BIP.PR.C.TO,16228.085536547434,5000.0
TMD.WT.H.TO,16222.005502063274,0.0
GDI.DB.TO,16214.819286256645,1000.0
ZDJ.TO,16174.873121869783,6389.0
CJT.TO,16158.701139351446,9200.0
FC.DB.D.TO,16125.634278002699,0.0
BYL.TO,16123.68797564688,4375.0
DIVS.TO,16101.581196581197,8990.0
LBS.PR.A.TO,15997.088323353293,8953.0
ZMU.TO,15918.591368846932,5385.0
W.PR.M.TO,15880.38202247191,3500.0
VCE.TO,15868.777348066298,11271.0
VUS.TO,15868.172928176795,10913.5
HXS.TO,15813.54491017964,7542.5
DEE.NT.TO,15789.62962962963,0.0
ENB.PF.E.TO,15762.530735930735,9420.0
TSU.TO,15664.394495412844,6797.0
AKT.A.TO,15633.538393645189,4010.5
TGO.TO,15603.55061295972,2384.0
BMO.PR.W.TO,15467.011343804537,8092.5
SSF.UN.TO,15386.983092783505,10560.0
AI.DB.A.TO,15382.012779552715,0.0
ADN.TO,15210.239704978489,8433.5
TD.PF.D.TO,15193.396378269617,6214.0
CM.PR.Q.TO,15192.361530715005,6500.0
CGO.TO,15142.249670619236,5800.0
CEW.TO,15139.813178855902,9632.5
XEH.TO,15110.425391591096,7461.0
FXM.TO,15103.465380249716,7947.0
CUD.TO,15086.388978063136,10583.0
KPT.TO,15085.821635544109,9409.0
ZWA.TO,15025.977693144723,10131.5
KML.PR.C.TO,15022.53872053872,7750.0
TSL.TO,15000.226564982522,4150.0
HLC.TO,14997.220998055736,1600.0
CWL.TO,14977.08210180624,4300.0
VB.TO,14840.8,8946.0
CHW.TO,14829.856910569106,8000.0
BPO.PR.E.TO,14746.99405940594,7400.0
TRP.PR.A.TO,14717.528443113772,7008.0
HYI.TO,14701.582860385925,7814.0
CSY.TO,14651.376328502416,7749.5
NA.PR.W.TO,14570.524156791249,6812.0
ZEA.TO,14547.614285714286,7527.0
ENB.PF.G.TO,14547.568079350767,7680.0
HSE.PR.A.TO,14533.739829231541,7000.0
BPO.PR.G.TO,14531.578366445916,8412.0
XSI.TO,14531.2548828125,5362.0
HWF.UN.TO,14508.33843537415,7795.0
LS.UN.TO,14505.8582278481,8929.0
CEF.TO,14472.101449275362,12093.5
RY.PR.I.TO,14456.368263473054,4992.0
FC.DB.F.TO,14358.090185676392,0.0
MFC.PR.M.TO,14321.572687224669,6900.0
IPCO.TO,14317.804772234273,2473.0
SPG.TO,14315.71186440678,4300.0
TA.PR.D.TO,14310.336826347306,7894.5
NXJ.TO,14307.096459722934,2705.0
TRP.PR.B.TO,14264.511976047905,7317.0
TRP.PR.C.TO,14260.305888223553,7365.5
NVU.DB.TO,14236.111111111111,0.0
SQP.TO,14230.925176056338,3700.0
ZZZD.TO,14184.6,10906.0
MDF.TO,14101.518137035378,3952.0
ADVZ.TO,14034.017857142857,2685.0
SFD.TO,13972.709809264305,4970.0
ZDY.TO,13949.67296021578,9266.0
HTA.TO,13897.009546539379,11070.0
FLOT.TO,13877.761627906977,7285.5
SWP.TO,13857.10465116279,10732.5
FTG.TO,13790.385700621711,2332.0
KEG.UN.TO,13776.934238741958,8200.0
ZEF.TO,13775.327883742053,7183.5
PPL.PR.M.TO,13726.889985895628,4456.0
GEC.UN.TO,13712.060240963856,9400.0
FAH.U.TO,13670.491089108911,5970.0
HAC.TO,13640.6767586821,8587.5
FRL.UN.TO,13638.467647058824,8280.0
VEF.TO,13609.110497237569,9062.0
TPH.TO,13594.88197146563,8332.5
NRI.TO,13583.824445907396,4939.0
BEP.PR.K.TO,13566.846456692914,4900.0
VCNS.TO,13562.992481203008,10680.5
QBR.A.TO,13559.099615123387,2000.0
FGO.TO,13553.478873239437,8462.5
PTB.TO,13416.984662576688,5403.5
ENB.PF.A.TO,13412.570048309179,8150.0
AIM.PR.C.TO,13407.91263650546,5070.0
TA.PR.F.TO,13306.014332965822,7927.5
ORA.TO,13305.765605095541,1766.5
VEQT.TO,13220.0,12278.0
IMP.TO,13192.79116684842,3360.0
PBY.UN.TO,13183.598980064906,9643.0
FC.DB.E.TO,13127.17683557394,0.0
XEU.TO,12958.43621399177,6402.0
GQM.WT.TO,12925.358024691359,0.0
CERV.TO,12878.035859269283,4048.0
BK.TO,12864.49838282858,8960.0
TAO.WT.TO,12843.696907216496,0.0
VDU.TO,12814.223182145428,9375.0
ZFL.TO,12602.659545454546,2702.0
CMH.TO,12583.435154104363,4690.0
ZFS.TO,12560.310606060606,2643.0
PEGI.TO,12531.086538461539,4398.5
XPF.TO,12503.8574199806,8764.5
BRE.TO,12490.243870287371,6061.0
RY.PR.M.TO,12478.705348133199,4800.0
TXF.TO,12471.5769439913,4659.0
BAM.PF.H.TO,12386.822561692126,4374.0
ZEM.TO,12384.86999109528,6429.0
GRL.TO,12362.797085201793,7410.0
KEW.TO,12341.497925311203,3023.5
XQQ.TO,12326.358384458077,4804.0
BTB.DB.F.TO,12222.73176761434,3000.0
QQC.F.TO,12213.000961538462,4887.5
BPO.PR.T.TO,12190.968460111317,6805.0
FFN.PR.A.TO,12188.84381237525,4700.0
BAM.PF.A.TO,12100.07183908046,7132.0
VCM.TO,12065.57659574468,3800.0
CCX.TO,12016.89052631579,3815.0
JFS.UN.TO,12008.965822038892,8869.0
HBLK.TO,12004.034351145037,6402.0
BEP.PR.M.TO,11982.276978417267,5640.0
ENB.PR.J.TO,11980.153491941674,6510.0
MR.UN.TO,11976.237148732009,7818.0
HUV.TO,11958.647319232661,760.0
ZUH.TO,11924.313805631244,6030.0
SLF.PR.I.TO,11909.288840262581,6858.5
BMO.PR.Q.TO,11900.018537074147,6641.0
KBL.TO,11836.92503576538,5912.0
OSP.TO,11830.93326693227,7795.0
CU.PR.C.TO,11770.156199677938,5471.0
TRP.PR.G.TO,11754.493,4687.5
BTB.DB.E.TO,11746.783819628647,0.0
XBM.TO,11658.744162436547,4538.0
CSW.A.TO,11602.107169811321,6818.0
ONC.TO,11592.34942932397,5643.0
CRP.TO,11565.588532110092,6281.5
PMB.UN.TO,11565.489014438166,8400.0
XUU.TO,11532.133795837462,6886.0
ISV.TO,11530.935552407933,5189.0
PWF.PR.S.TO,11526.44740346205,6003.0
MFC.PR.I.TO,11474.585005903187,7132.5
TRL.WT.TO,11474.43639921722,0.0
ENI.UN.TO,11471.58275550196,5204.0
SJR.PR.A.TO,11447.357547655847,6286.0
ZDI.TO,11405.946927374302,7782.5
SWY.DB.U.TO,11403.457249070632,0.0
TZS.TO,11382.140283140283,7715.0
RFP.TO,11363.41548463357,4071.5
BYL.DB.TO,11363.057324840764,0.0
BAM.PF.F.TO,11363.002533783783,5509.0
ALA.PR.I.TO,11320.648284313726,3566.5
ZLC.TO,11311.33643204958,5537.0
SLR.TO,11310.157733537519,4000.0
HIG.TO,11294.184453227932,1800.0
TMD.WT.F.TO,11288.172959805115,0.0
RBOT.TO,11227.676375404531,5726.0
ZFN.TO,11195.18,388.5
BAM.PF.G.TO,11157.26320582878,6379.5
CYH.TO,11148.564731337901,7969.0
RID.TO,11144.784711388456,7303.5
XMH.TO,11137.13160854893,6791.0
VE.TO,11100.330464716008,6974.5
ZPW.TO,11094.705069124424,6600.0
BIP.PR.E.TO,11080.45054945055,6100.0
PPL.PR.E.TO,11061.026541764246,6185.0
DF.PR.A.TO,11060.499500998005,4599.5
TEI.DB.TO,11015.945330296128,0.0
PWF.PR.Z.TO,10986.331050228311,3685.0
BPO.PR.C.TO,10944.211565585332,4239.0
BBD.PR.B.TO,10933.072355289421,8142.0
BAM.PR.Z.TO,10915.673936750272,5722.5
BPO.PR.A.TO,10880.96875,6379.5
MUB.TO,10858.534265734266,4961.0
DS.TO,10856.969560878244,7200.0
XFH.TO,10855.38949454906,6159.0
SLF.PR.A.TO,10830.826347305388,6785.0
TD.PF.E.TO,10827.053014553014,3718.0
ALB.TO,10806.308529155787,3300.0
EMA.PR.C.TO,10791.18408551069,5836.0
BCE.PR.A.TO,10788.070858283432,4918.0
PBL.TO,10773.55765819042,4800.0
PTS.TO,10767.365665692267,4850.0
PHYS.U.TO,10754.425911559349,3600.0
FTS.PR.H.TO,10742.127245508982,4032.5
IFC.PR.A.TO,10740.529288702928,5377.0
MKP.TO,10679.87263111503,6703.0
ZPS.TO,10640.455679287305,4785.0
IAF.PR.I.TO,10630.783783783783,4301.0
SBC.TO,10545.320048309179,7429.5
IDG.TO,10516.314205344584,3199.0
TA.PR.H.TO,10513.023780487805,6627.5
IFC.PR.C.TO,10508.528101802756,5652.0
BAM.PF.C.TO,10467.377635782748,6400.0
MFC.PR.H.TO,10454.980091012514,5435.0
SLF.PR.G.TO,10447.753992015969,6277.5
BCE.PR.D.TO,10424.137724550897,5535.0
BAM.PR.X.TO,10411.394710578843,6611.0
BNS.PR.Y.TO,10409.627744510977,5900.0
BCE.PR.F.TO,10391.412175648702,5513.5
HAZ.TO,10375.29315960912,5713.0
FC.DB.C.TO,10348.964326812427,0.0
BBD.PR.C.TO,10330.939620758483,7689.0
SLF.PR.D.TO,10326.134231536926,6778.5
GWO.PR.T.TO,10305.483069977427,3270.0
GWO.PR.N.TO,10282.115768463074,5053.5
CGI.TO,10262.703248463564,7044.5
IFC.PR.E.TO,10255.143181818183,2487.5
EFH.TO,10250.516878980892,2000.0
GH.TO,10213.823401688782,4478.0
MFC.PR.B.TO,10197.605289421157,6804.0
XHD.TO,10177.849449204406,7402.5
MFC.PR.L.TO,10170.468102073366,4150.0
BAM.PR.B.TO,10168.748003992016,6822.5
BNS.PR.R.TO,10167.190739808757,4400.0
PPL.PR.A.TO,10159.279485346677,5640.0
FHB.TO,10135.2641673932,4338.0
BAM.PF.B.TO,10124.692830655129,6312.0
PWF.PR.P.TO,10123.376746506987,5792.5
SVR.TO,10110.769133459835,6085.0
MEE.TO,10096.711832061068,3931.5
BAM.PR.T.TO,10095.884231536926,6587.0
RY.PR.L.TO,10071.497005988023,3818.0
BPO.PR.P.TO,10063.458582834332,6601.5
SKG.UN.TO,10047.124431362055,5711.0
FFH.PR.K.TO,10040.063866513234,6170.0
FFH.PR.I.TO,9959.163672654691,6972.5
AQY.WT.TO,9921.218446601943,0.0
MDNA.TO,9918.457800511509,3800.0
PPL.PR.G.TO,9906.691136974037,3880.0
BAM.PR.R.TO,9895.141716566866,5500.0
CPX.PR.E.TO,9892.673592493298,6527.0
HFP.TO,9873.233555062823,4785.0
BRF.PR.C.TO,9871.5112640801,5385.0
IDR.TO,9864.0,2718.5
FFH.PR.M.TO,9861.208208208209,6030.0
MFC.PR.C.TO,9801.380239520959,7025.5
HBAL.TO,9796.864285714286,3400.0
MFC.PR.J.TO,9754.81858974359,4711.0
ZLH.TO,9753.674540682414,3518.5
ZSP.U.TO,9737.75796178344,2903.0
HSE.PR.C.TO,9737.59241706161,5400.0
RTG.TO,9725.928818586259,0.0
ENB.PR.U.TO,9718.251455180442,6102.5
RDL.TO,9712.218604651163,1700.0
CPX.PR.G.TO,9675.22203672788,3860.0
BCE.PR.I.TO,9666.88622754491,4535.5
RY.PR.A.TO,9665.925648702594,5443.5
MFC.PR.F.TO,9661.639278557113,5770.0
ALA.PR.E.TO,9649.224270353303,4550.0
SRV.UN.TO,9630.449957947856,5563.0
DXG.TO,9608.122605363984,3186.0
MFC.PR.G.TO,9606.319337016575,4923.5
BAM.PF.D.TO,9598.891532540238,4984.0
CCI.UN.TO,9588.519269776876,5855.0
CU.X.TO,9587.000673854447,1100.0
MBK.UN.TO,9580.407471763683,5800.0
HSE.PR.E.TO,9545.612903225807,4926.0
CGL.C.TO,9543.140300230947,3453.0
RPI.UN.TO,9536.30625,5100.0
ZGI.TO,9514.85195035461,5269.0
XMM.TO,9503.820646506778,2200.0
BCE.PR.M.TO,9487.471544715447,4880.0
LGD.WT.TO,9480.270693512304,0.0
ZDB.TO,9477.457936507937,3764.0
PPL.PR.I.TO,9461.855967078189,3850.5
ENS.PR.A.TO,9442.208588957055,300.0
IDR.UN.TO,9410.947556008146,5602.0
TRIL.TO,9407.6125,5458.5
ALA.PR.U.TO,9401.248664688428,6200.0
SLF.PR.H.TO,9365.425396825396,4945.0
HPS.A.TO,9353.509371554575,2600.0
TCS.TO,9350.095411176739,2428.5
TEI.TO,9347.08504176158,5291.0
PDF.TO,9314.793304221252,6346.5
ZFH.TO,9305.822222222223,3582.0
AX.PR.I.TO,9303.602996254682,4225.0
FTS.PR.K.TO,9226.545195729537,5700.0
FTS.PR.J.TO,9214.263492063492,4001.0
EFN.PR.G.TO,9212.78144989339,3927.0
TRP.PR.F.TO,9200.377521613833,4700.0
PBD.TO,9181.201747997087,2476.0
BCE.PR.C.TO,9171.494510978044,4547.5
BEP.PR.I.TO,9156.105797101449,4094.0
BCE.PR.G.TO,9154.974550898203,3677.5
CMR.TO,9153.346251358204,3475.0
ECF.UN.TO,9112.39658220389,6355.0
HSE.PR.G.TO,9071.265945945946,3600.0
MFC.PR.N.TO,9066.831916902738,4500.0
RY.PR.W.TO,9065.670159680638,5038.0
FFH.PR.G.TO,9016.045409181637,6300.0
CVD.TO,8890.157949249095,5997.0
MFC.PR.K.TO,8887.381588193957,4700.0
BPO.PR.R.TO,8874.776,5950.0
LCS.TO,8860.032986111111,4300.0
MEQ.TO,8858.267943637164,2800.0
FSB.U.TO,8851.58908045977,1542.0
EFN.PR.I.TO,8844.798672566372,4171.0
ZEO.TO,8797.174532502226,3426.5
RMX.TO,8796.597935483871,2609.0
AIM.PR.A.TO,8737.340375586855,3832.0
SLF.PR.B.TO,8734.886726546907,5552.5
XUT.TO,8734.806598984771,4222.5
VXM.B.TO,8731.044859813084,973.0
IAM.TO,8729.290554653051,700.0
GWO.PR.R.TO,8724.22903629537,5443.0
BCE.PR.B.TO,8718.134730538923,3797.5
PWF.PR.R.TO,8697.344906089926,4250.0
CLG.TO,8696.40108695652,2945.0
FCUD.TO,8686.284403669724,2300.0
TNP.TO,8676.551286698079,2760.0
BPO.PR.N.TO,8665.577844311378,5605.0
GWO.PR.H.TO,8628.526946107784,5777.5
ENB.PF.V.TO,8627.958702064896,4882.5
FTS.PR.G.TO,8598.215568862275,4517.0
GDG.UN.TO,8587.563257065949,5218.5
ZMP.TO,8582.91368846932,3412.0
XDIV.TO,8485.61971830986,5411.5
CU.PR.G.TO,8484.345755693581,3750.0
ENS.TO,8478.331288343557,5200.0
GWO.PR.I.TO,8474.83882235529,5850.0
CU.PR.I.TO,8465.677946324387,2607.0
GWO.PR.G.TO,8464.02994011976,5424.0
SLF.PR.E.TO,8445.180139720558,5616.0
HGY.TO,8425.067844925883,4428.5
XST.TO,8424.048223350253,3622.0
SBT.B.TO,8421.716272600834,2000.0
ALA.PR.G.TO,8416.77339055794,3310.0
BOY.TO,8389.160525201187,1600.0
CBH.TO,8370.03043478261,4453.5
VGG.TO,8357.988480921525,5678.0
WFS.TO,8344.724930747923,5006.0
ZFM.TO,8333.133076593924,2465.0
PFH.F.TO,8288.651923076923,2811.0
EMA.PR.F.TO,8262.745346869713,3880.0
OR.WT.A.TO,8256.330226364847,2173.0
BCE.PR.Q.TO,8249.513098464318,4200.0
RCI.A.TO,8247.24202420242,1179.0
PPL.PR.K.TO,8163.25,3275.0
PR.TO,8141.988674971687,2005.0
FGE.TO,8125.533834586467,2400.0
BAM.PF.E.TO,8123.780193236715,4273.5
ZPL.TO,8122.070802427512,2223.0
BMO.PR.Y.TO,8100.075026795284,3631.0
SLF.PR.C.TO,8070.432135728543,5561.0
XMI.TO,8060.368932038835,4098.5
FCID.TO,7985.724770642202,4218.0
BXF.TO,7957.1872816212435,2050.0
ZYME.TO,7915.269146608315,2681.0
ALC.TO,7913.474394147233,3000.0
EUR.TO,7907.576542026207,470.0
BRF.PR.F.TO,7894.51610692255,4400.0
HEJ.TO,7877.804068522484,3003.5
PWF.PR.T.TO,7877.0283742331285,2902.0
XSE.TO,7868.253748558247,3890.0
TA.PR.J.TO,7856.267841409692,4900.0
DFC.TO,7848.57052631579,143.0
PFT.UN.TO,7845.817486338798,3407.0
BRF.PR.E.TO,7808.389363099146,3850.0
CIQ.UN.TO,7790.781264211005,4085.0
CPX.PR.I.TO,7777.664082687338,2516.0
FFH.PR.C.TO,7762.084830339321,5408.5
PXC.TO,7726.556306306306,1968.5
GDV.TO,7723.410404624277,6425.0
BAM.PR.K.TO,7664.424151696607,3302.0
RY.PR.E.TO,7653.129241516966,3902.0
URB.TO,7621.343583307185,2000.0
HUF.U.TO,7601.483891345546,1588.0
RY.PR.P.TO,7597.960248447205,3295.0
HXDM.TO,7592.742209631728,3707.0
BRF.PR.A.TO,7586.108283433134,3658.5
GWO.PR.P.TO,7583.532992036405,4110.5
TVK.TO,7581.874762808349,2600.0
GWR.TO,7563.969607843137,1744.5
GWO.PR.Q.TO,7550.643629807692,4093.0
TUT.UN.TO,7544.728070175439,4100.0
ALA.PR.A.TO,7473.413173652694,3912.5
CPX.PR.C.TO,7462.467741935484,4900.0
ULV.F.TO,7444.945192307692,3970.0
PYF.TO,7434.206940874036,2899.0
FFI.UN.TO,7434.006880733945,5422.5
LFX.TO,7404.212454212454,650.0
XHC.TO,7402.880203045685,4681.5
RET.TO,7389.742034717645,3200.0
ZJG.TO,7368.546259406818,4843.0
FSL.TO,7360.0101670297745,3611.0
BCE.PR.R.TO,7353.580339321357,3350.0
XSQ.TO,7350.470945359931,2680.0
CU.PR.F.TO,7341.075218267293,3493.0
KEW.WT.TO,7329.6373456790125,0.0
XSC.TO,7327.056516724337,2862.0
EDGF.UN.TO,7303.19298245614,4300.0
XXM.B.TO,7259.744029850746,3226.0
BCE.PR.Y.TO,7253.652195608783,3869.0
LS.TO,7251.108108108108,6700.0
PWF.PR.K.TO,7223.147704590819,4401.0
GDV.PR.A.TO,7208.635838150289,1300.0
POW.PR.D.TO,7189.774451097805,4100.0
TVA.B.TO,7153.899593731863,1655.0
HMP.TO,7106.839729119639,2200.0
BAM.PR.M.TO,7083.4875249501,4878.0
HBG.TO,7070.243851604835,3000.0
ECN.PR.A.TO,7060.339317773788,3027.0
PCD.UN.TO,7047.255988023952,4700.0
XXM.TO,7043.696268656717,3517.0
ZDH.TO,7007.950460829493,3818.5
BAM.PR.N.TO,6929.73502994012,4715.0
BUI.TO,6920.715695273061,900.0
BEP.PR.G.TO,6920.27886977887,3229.5
EBC.UN.TO,6842.303398058252,3900.0
EFN.PR.C.TO,6828.697431781701,3605.5
EFR.WT.TO,6825.04105090312,1500.0
FFH.PR.E.TO,6818.329840319361,4666.5
IFC.PR.F.TO,6811.2131578947365,2253.0
POW.PR.G.TO,6761.68244013683,2729.5
BK.PR.A.TO,6736.943162633652,2500.0
EIT.PR.B.TO,6734.846511627907,2700.0
RY.PR.F.TO,6721.0723552894215,3638.0
HBB.TO,6718.8262676641725,2981.0
PPL.PR.C.TO,6698.957871396896,3700.0
SLF.PR.J.TO,6698.8002183406115,3297.5
ASND.WT.TO,6688.4575,0.0
HEA.U.TO,6664.625802997859,1090.5
TRI.PR.B.TO,6647.817365269461,1750.0
PSLV.U.TO,6629.221153846154,3556.5
CWB.PR.C.TO,6628.206043956044,2357.5
FCCD.TO,6626.311926605505,4494.0
CNT.TO,6611.449328449328,0.0
EFN.PR.E.TO,6607.830638297873,2540.0
ZUD.TO,6591.788267026298,2592.0
CAL.TO,6554.024513022543,3254.0
RY.PR.G.TO,6546.435628742515,3252.5
GWO.PR.S.TO,6540.311557788945,2712.5
BIP.PR.A.TO,6517.206653225807,3312.5
AIM.PR.B.TO,6469.5975485188965,1900.0
PPL.PR.O.TO,6461.109510086455,2500.0
TD.PF.F.TO,6459.450110864745,3427.0
CYB.TO,6458.437296037296,4886.0
ZMI.TO,6455.944111776447,4322.0
HFA.TO,6449.304347826087,500.0
ZWP.TO,6443.3127572016465,3200.0
ZID.TO,6442.258521469676,3285.0
XCH.TO,6440.837096060203,3425.0
CU.PR.D.TO,6436.248062015504,2500.0
DXB.TO,6435.968838526912,411.0
FGB.TO,6433.6582109479305,500.0
PPL.PR.S.TO,6422.305475504323,2200.0
BIP.PR.B.TO,6414.754037267081,2800.0
EFN.PR.A.TO,6412.413076923077,2492.5
HUG.TO,6397.3421052631575,1000.0
PIC.PR.A.TO,6394.210578842315,3868.5
EQL.TO,6381.784946236559,2700.0
PVS.PR.F.TO,6374.383333333333,3185.5
BMO.PR.Z.TO,6370.283482142857,3230.0
HUZ.TO,6349.8787118360515,1701.0
MXU.TO,6337.886731391586,3808.0
UNI.TO,6332.482758620689,2700.0
FGO.U.TO,6331.450704225352,200.0
BCE.PR.H.TO,6331.406686626747,2275.0
IAF.PR.G.TO,6330.1621621621625,5200.0
BCE.PR.E.TO,6329.588323353293,2200.0
SXI.TO,6325.433002180761,0.0
RY.PR.N.TO,6313.950945626478,2704.0
GBT.TO,6304.666666666667,2000.0
MEU.TO,6303.629449838188,1610.0
PVS.PR.D.TO,6278.9802405498285,3887.5
VI.TO,6253.264596273292,3403.0
NXF.TO,6211.972359328726,2100.0
ECN.PR.C.TO,6199.592255125285,3240.0
HHL.U.TO,6176.544031311155,2700.0
HRR.UN.TO,6174.1513113651645,2300.0
ZWK.TO,6155.2,5539.0
EML.PR.A.TO,6129.183135704875,2800.0
MGB.TO,6127.5748251748255,1827.0
PDC.TO,6103.732503888024,2790.0
CGR.TO,6095.603736862592,3351.0
LB.PR.J.TO,6090.633649932158,2545.0
PWF.PR.L.TO,6082.807884231537,3000.0
HEP.TO,6082.591185410334,3898.0
INC.UN.TO,6074.030513711858,4000.0
DEE.WT.TO,6073.18962962963,0.0
RY.PR.O.TO,6061.96781354051,3890.0
XDG.TO,6040.896713615023,3238.5
RY.PR.C.TO,6029.901696606787,2562.0
PRP.TO,6023.454683929932,1500.0
CU.PR.E.TO,6019.174774774775,2268.0
L.PR.B.TO,6002.261009667025,2323.0
RLB.TO,5991.950904392765,1607.5
XIG.TO,5976.4245241257195,2807.0
PSLV.TO,5960.283154121864,2501.0
HEF.TO,5886.072820512821,1704.5
RCO.UN.TO,5876.194780394653,2700.0
VLN.TO,5873.741884222474,1000.0
WN.PR.A.TO,5866.250998003992,3864.5
RVX.WT.TO,5865.5344418052255,0.0
HUC.TO,5853.435023434171,1082.0
ACZ.UN.TO,5832.691833590138,1800.0
TXT.UN.TO,5829.7422429078015,3000.0
NPI.PR.A.TO,5818.791916167665,3159.0
LB.PR.H.TO,5808.508557457213,2550.0
AQN.PR.A.TO,5805.228281547242,2570.0
HCB.TO,5795.858585858586,1970.0
WN.PR.E.TO,5789.176147704591,4227.0
BCE.PR.T.TO,5785.146706586826,1998.0
W.PR.K.TO,5784.49375,1700.0
EIT.PR.A.TO,5773.104294478528,3100.0
VBU.TO,5744.368330464716,3197.5
EMA.PR.A.TO,5714.997005988024,2910.0
BND.TO,5714.195443645084,900.0
CRDL.WT.TO,5710.0,500.0
RUD.TO,5697.337753510141,2891.0
WN.PR.C.TO,5648.474550898203,3900.0
Y.WT.TO,5641.47803617571,2504.5
MRC.TO,5638.193748614498,1859.0
VCIP.TO,5632.7692307692305,3619.0
ADVZ.U.TO,5623.607142857143,670.0
PWF.PR.I.TO,5587.88622754491,3045.5
RBO.TO,5581.803432137285,2655.5
BSC.TO,5572.794601433994,1500.0
HAU.TO,5556.184392699811,600.0
PPS.TO,5552.9201658890615,1500.0
INQ.TO,5547.834055876686,0.0
VRE.TO,5537.348542458809,3488.0
PNC.A.TO,5501.375970999482,0.0
LCS.PR.A.TO,5500.72754491018,1388.5
HUN.TO,5472.991135500211,500.0
IGCF.TO,5467.791428571429,1349.5
YXM.TO,5452.1813432835825,1233.0
UXM.TO,5443.336348219333,2640.0
GWO.PR.M.TO,5425.592315369261,2276.5
DCF.TO,5409.031319910515,1542.0
HMMJ.U.TO,5404.817535545024,1141.0
TPRF.TO,5403.072463768116,2600.0
AZP.PR.A.TO,5378.883484162896,2180.0
CGY.TO,5376.692413793104,3535.0
XMU.TO,5366.671723300971,2344.5
ZCH.TO,5331.812749003984,2669.0
BCE.PR.O.TO,5322.851851851852,2750.0
GMO.TO,5308.008490217792,1000.0
MUS.TO,5295.233979135618,2367.0
SEED.TO,5288.853281853282,3358.0
PWF.PR.F.TO,5270.75748502994,3200.0
WN.PR.D.TO,5263.6731536926145,3566.0
TOF.UN.TO,5214.189156626506,2700.0
IFB.UN.TO,5213.282868525896,2300.0
MNS.TO,5178.903858317521,2062.0
LXR.WT.TO,5168.905882352941,0.0
VA.TO,5165.8674698795185,1859.0
GMP.PR.B.TO,5140.125748502994,3200.0
XTD.TO,5134.867129400099,3000.0
BSD.UN.TO,5113.3246670894105,800.0
NPI.PR.C.TO,5105.7308146399055,3076.0
HXX.TO,5087.909747292419,2256.0
VVL.TO,5062.826865671642,3246.0
PTM.TO,5049.185045097469,1756.0
USF.UN.TO,5021.619521912351,2000.0
ZLD.TO,5011.587926509186,2420.0
FCRR.TO,4999.45871559633,1828.0
RWE.TO,4994.01187648456,2000.0
TLF.TO,4992.909615384616,3230.0
ZLI.TO,4972.748847926267,2218.0
POW.PR.B.TO,4972.564870259481,3272.5
BAM.PR.C.TO,4968.9186626746505,2558.5
CWW.TO,4968.911164057182,2791.5
GWO.PR.L.TO,4953.37874251497,2900.0
MKZ.UN.TO,4953.350744558992,1700.0
CPX.PR.A.TO,4935.055389221557,3149.0
ZSU.TO,4932.977777777778,500.0
VGH.TO,4911.636429085673,2932.0
HFMU.U.TO,4874.3550135501355,762.0
MDS.UN.TO,4857.581677704195,1800.0
HMM.A.TO,4855.901106663528,706.0
CWB.PR.B.TO,4840.2365506329115,2717.5
EMA.PR.E.TO,4801.678072625698,2246.5
HCON.TO,4795.4,1005.0
TLV.TO,4781.147521865889,2796.0
PHYS.TO,4773.272401433692,2381.0
FCUH.TO,4763.321100917431,600.0
OSP.PR.A.TO,4753.090637450199,1000.0
SBN.TO,4746.943376801647,2369.5
RIDH.TO,4718.572115384615,2900.0
ZRR.TO,4717.476147205815,1487.0
XCV.TO,4716.031055900621,2200.0
CF.PR.A.TO,4711.028586278586,3560.5
DRM.PR.A.TO,4701.9819193324065,2047.0
HOT.U.TO,4674.652173913043,2400.0
ZJK.TO,4662.773255813953,100.0
TRP.PR.H.TO,4661.39847161572,2133.5
FTS.PR.F.TO,4611.229540918163,2346.0
FLUS.TO,4595.351851851852,0.0
HRES.TO,4521.208333333333,1811.5
TCT.UN.TO,4500.929341844596,1200.0
RAI.UN.TO,4471.386170212766,1600.0
SHZ.TO,4441.596989966555,1400.0
PNP.TO,4402.983793654417,2350.0
VNR.PR.A.TO,4364.289020771514,1700.0
IPCI.TO,4357.638461538461,980.5
PPL.PR.Q.TO,4354.195965417867,1916.0
AHY.UN.TO,4348.96770938446,1961.5
CU.PR.H.TO,4327.366292134831,1500.0
USB.TO,4306.850823937554,395.0
POW.PR.C.TO,4288.955588822355,2500.0
AX.PR.E.TO,4287.752521856086,2898.0
CDAY.TO,4280.1057692307695,2090.0
YXM.B.TO,4278.588059701493,663.0
VBG.TO,4262.829604130809,2268.0
HEE.TO,4255.155015197568,2655.5
BBL.A.TO,4243.8602074493165,300.0
ZLE.TO,4193.14964028777,788.0
BLB.UN.TO,4192.892253931275,2003.0
DXV.TO,4191.785087719299,49.5
SHE.TO,4182.26013986014,700.0
HUTL.TO,4165.142857142857,1450.0
PWF.PR.O.TO,4143.493512974052,2200.0
TCL.B.TO,4143.445855294682,400.0
BNS.PR.D.TO,4140.792924037461,1599.0
AQN.PR.D.TO,4133.941506410257,1646.0
RCD.TO,4097.971918876755,1774.0
XID.TO,4093.6387782204515,2151.0
W.PR.J.TO,4092.547904191617,1390.0
SPG.WT.TO,4074.635593220339,0.0
PWF.PR.H.TO,4072.120259481038,2325.0
CF.PR.C.TO,4036.2614492753623,2965.0
HHF.TO,4017.6734813084113,1659.0
PID.TO,4015.9585062240662,1647.5
W.PR.H.TO,3987.7190618762475,1500.0
IFA.TO,3987.506387921022,1500.0
AZP.PR.B.TO,3982.4451357466064,1775.0
LVU.UN.TO,3978.361018084394,100.0
SBC.PR.A.TO,3973.370259481038,1990.0
BCE.PR.J.TO,3968.937302423604,1520.5
XCG.TO,3948.1930111038537,1732.0
XAM.TO,3928.318181818182,0.0
VEH.TO,3917.235294117647,1259.0
NGI.UN.TO,3910.1340523882895,878.0
CUP.U.TO,3909.084899939357,1728.0
CIF.TO,3904.4535415079968,2043.0
BR.TO,3903.52825607064,1840.5
DC.PR.B.TO,3886.6621756487025,2584.5
XEB.TO,3884.733502538071,1489.5
HXE.TO,3864.6869501466276,432.5
CYBR.TO,3858.8435754189945,1107.5
FN.PR.A.TO,3855.736027944112,1967.5
HOG.TO,3853.0025929127055,1298.0
PFL.TO,3852.7207285342583,411.0
IGB.TO,3847.8224852071007,0.0
ASO.TO,3844.1179673321235,1025.0
MKB.TO,3827.5594405594406,200.0
EQL.F.TO,3804.3655913978496,588.5
CWI.TO,3803.485533453888,0.0
ZPH.TO,3783.0567514677105,1500.0
INOC.TO,3781.76875,1308.0
FLGD.TO,3752.8327137546466,2000.0
RPDH.TO,3748.929807692308,1280.5
ZUQ.TO,3740.2281191806333,1642.0
PWF.PR.G.TO,3732.7829341317365,2128.0
FTU.TO,3730.3572664359863,1215.0
ELF.PR.H.TO,3715.234682080925,1790.0
BBD.PR.D.TO,3699.310379241517,2400.0
SRT.U.TO,3698.22304526749,1500.0
DXU.TO,3687.7681992337166,277.5
HYG.TO,3675.917052724465,1834.0
BKL.F.TO,3671.9076923076923,1425.5
IGM.PR.B.TO,3667.429141716567,1600.0
TDB.TO,3658.534979423868,905.0
POW.PR.A.TO,3643.5858283433136,2460.0
SVR.C.TO,3642.3206831119546,900.0
ZST.L.TO,3639.634050880626,200.0
BCE.PR.S.TO,3621.4176646706587,2100.0
ZNQ.TO,3620.0,0.0
KILO.B.TO,3619.3797468354433,0.0
HIU.TO,3611.814880425155,817.5
XMV.TO,3607.2172330097087,1330.5
RIB.UN.TO,3597.9920159680637,1500.0
MNT.U.TO,3592.6363636363635,0.0
HEWB.TO,3576.7727272727275,600.0
LGT.B.TO,3575.5106482564943,808.0
HAF.TO,3574.423153692615,1184.5
AX.PR.A.TO,3552.8200607902736,2350.0
FRX.TO,3535.685994647636,1500.0
CSE.PR.A.TO,3532.895779051589,2010.0
XUH.TO,3506.891757696127,1649.0
TECK.A.TO,3502.4153846153845,2283.5
FTU.PR.B.TO,3498.4132775119615,300.0
XMW.TO,3494.6868932038833,1628.0
CCS.PR.C.TO,3492.256487025948,1800.0
FFH.PR.D.TO,3490.2843419788665,1871.0
HFY.TO,3463.7348927875246,1600.0
PWF.PR.E.TO,3446.622255489022,2100.0
GWO.PR.F.TO,3427.311377245509,1695.5
MWD.TO,3413.8074433656957,1925.5
ZGRO.TO,3403.8,1729.0
BXS.DB.C.TO,3400.8138351983725,0.0
TCSB.TO,3400.4202898550725,230.0
FAO.TO,3400.357628765792,1100.0
FFH.PR.F.TO,3375.4075587334014,1750.0
RWX.B.TO,3354.9706666666666,0.0
XEN.TO,3352.081589216034,1153.0
PVS.PR.E.TO,3351.501800720288,1600.0
ZXM.TO,3332.1093457943925,1023.5
GCM.WT.A.TO,3309.0581113801454,0.0
XML.TO,3300.393897364771,1096.0
ZBAL.TO,3291.0,2530.0
BUA.UN.TO,3286.862138533961,1400.0
AX.PR.G.TO,3285.156652360515,2022.5
IAF.PR.B.TO,3280.162162162162,1500.0
ENB.PR.A.TO,3277.371756487026,2154.5
INE.PR.A.TO,3272.9735528942115,2000.0
RWW.TO,3267.210651828299,1049.0
XBAL.TO,3250.4288461538463,1613.5
RPSB.TO,3223.6242603550295,0.0
PRM.TO,3223.2916666666665,1890.0
ZST.TO,3222.5729813664598,1014.5
ERM.TO,3218.956276445698,1440.5
MKC.TO,3211.684053651267,1176.0
QSP.UN.TO,3193.3889943074005,319.5
RUDH.TO,3190.6971153846152,1495.5
FTB.TO,3174.524377031419,800.0
YCM.TO,3173.0576112412177,200.0
HXH.TO,3166.352288488211,601.0
ZMSB.TO,3144.8440860215055,0.0
RPD.TO,3135.2176308539947,1196.0
CVG.TO,3124.2517899761338,300.0
PWF.PR.A.TO,3122.568363273453,1103.5
BNS.PR.C.TO,3081.029435163087,817.0
OR.WT.TO,3069.5386158475426,1000.0
BNS.PR.F.TO,3049.1341145833335,600.0
XFF.TO,3041.988249118684,733.0
XMF.A.TO,3024.2884231536927,0.0
XDU.TO,3021.424882629108,900.0
UTE.UN.TO,2993.247005988024,1514.0
ZIN.TO,2973.2815286624204,1056.5
FBU.TO,2972.7035830618893,600.0
MBN.TO,2966.470798569726,500.0
DXM.TO,2962.806105144149,800.0
PWF.PR.Q.TO,2946.3198959687907,600.0
HAD.TO,2941.826575476307,1000.0
PINC.TO,2938.358744394619,1463.0
LAS.A.TO,2936.7627875809694,990.0
EQB.PR.C.TO,2907.5236842105264,1325.0
BCI.TO,2900.19902200489,207.5
PHR.TO,2899.0,807.5
PXU.F.TO,2898.2134615384616,540.0
UNC.TO,2885.421308576481,1318.5
TPU.TO,2877.2935528120715,1634.0
FTS.PR.I.TO,2856.662393162393,905.5
XHU.TO,2855.252725470763,770.0
VAH.TO,2843.2571428571428,1157.0
XGRO.TO,2840.9721153846153,979.0
HBF.U.TO,2791.713310580205,500.0
HSH.TO,2784.7471264367814,400.0
TC.TO,2782.1454891994917,951.5
FCRH.TO,2757.045871559633,800.0
DFU.TO,2746.164210526316,313.0
CEF.U.TO,2735.2705642420124,0.0
TA.PR.E.TO,2716.664835164835,632.5
GDL.TO,2711.865542388332,1000.0
TWC.TO,2683.4247863247865,565.5
PHE.TO,2677.949053857351,400.0
PFB.TO,2671.7382258802013,600.0
XFS.TO,2658.842105263158,325.0
OPT.TO,2655.0224215246635,848.0
PMNT.TO,2654.8,533.0
PGLC.TO,2650.012323943662,700.0
ZWS.TO,2642.8230452674898,1304.0
CDD.UN.TO,2630.8463373083478,250.0
HXS.U.TO,2618.2228224172854,200.0
COMM.TO,2610.42,1397.5
XFC.TO,2606.451461988304,949.0
DGRC.TO,2584.344537815126,346.0
HSM.WT.TO,2582.4395604395604,0.0
HRA.TO,2578.32,807.5
PRM.PR.A.TO,2564.9166666666665,868.0
ASM.WT.TO,2563.9330985915494,0.0
HEA.TO,2558.6120218579235,690.0
ZXM.B.TO,2553.6785046728974,371.5
EHE.TO,2547.9786259541984,408.0
RWE.B.TO,2519.3760886777513,474.0
HEW.TO,2512.9190321079573,253.0
BAM.PR.G.TO,2501.691616766467,900.0
NPRF.TO,2501.0,500.0
BIR.PR.A.TO,2493.63580998782,1000.0
ZFC.TO,2489.4,167.5
FFH.PR.H.TO,2488.978898007034,1000.0
PFG.TO,2473.9418604651164,98.5
PATH.TO,2466.876052948255,100.0
YCM.PR.B.TO,2461.248502994012,0.0
CIU.PR.C.TO,2438.623253493014,877.0
MPC.C.TO,2424.8989455184533,0.0
DC.PR.E.TO,2424.0973684210526,1092.0
BCE.PR.L.TO,2414.7583643122675,400.0
SJR.PR.B.TO,2403.8162650602408,900.0
XMF.PR.C.TO,2399.609281437126,0.0
BRF.PR.B.TO,2379.901776384535,1200.0
CGI.PR.D.TO,2377.5121612230714,700.0
RWW.B.TO,2373.8966613672496,0.0
ZGQ.TO,2372.695530726257,801.0
COG.TO,2369.4265232974913,0.0
INE.PR.C.TO,2359.8469453376206,900.0
SWH.TO,2355.8418248418247,0.0
VXM.TO,2349.4336448598133,712.5
DC.PR.D.TO,2349.157608695652,1100.0
ETP.TO,2341.8384013900954,613.0
HNY.TO,2336.7197488584475,1201.0
CSW.B.TO,2322.509433962264,1624.0
RWU.B.TO,2301.095803642122,212.0
RAY.B.TO,2287.2406417112297,150.0
GCT.C.TO,2278.2714223575467,0.0
RXD.TO,2277.3902662993573,823.0
FLDM.TO,2271.7013888888887,100.0
VMO.TO,2246.0298507462685,935.5
FAI.TO,2241.2368932038835,940.0
ICPB.TO,2233.7558139534885,99.5
BSD.PR.A.TO,2233.5898203592815,500.0
UXM.B.TO,2232.5723880597016,300.0
ZWH.U.TO,2230.137487636004,770.0
NXF.B.TO,2225.753208292201,305.0
XFI.TO,2216.409356725146,654.0
ACD.TO,2195.9471661863595,200.0
HBL.UN.TO,2193.6192973256425,700.0
INSR.TO,2183.9511677282376,200.0
ETAC.TO,2180.9662576687115,0.0
ELF.PR.F.TO,2176.8408183632732,1200.0
RY.PR.K.TO,2170.036653386454,500.0
FUT.TO,2167.1322033898305,100.0
XFA.TO,2162.2526439482963,500.0
ELF.PR.G.TO,2160.3288423153695,1300.0
FCQH.TO,2158.3809523809523,0.0
MFC.PR.P.TO,2156.4181547619046,400.0
YCM.PR.A.TO,2147.1561876247506,46.0
ILV.TO,2143.738392857143,967.5
ZMT.TO,2139.4087266251113,819.0
HGI.UN.TO,2123.8392315470173,550.0
RID.U.TO,2118.85647425897,304.0
PLV.TO,2115.1635220125786,738.0
CAN.TO,2112.8716119828814,0.0
MIND.TO,2095.358662613982,685.0
NEXA.TO,2084.409638554217,606.0
HUL.TO,2078.481228668942,300.0
ZVI.TO,2063.0755813953488,200.0
AZP.PR.C.TO,2042.133525456292,100.0
ICE.TO,2029.0386753686246,0.0
ADW.B.TO,2021.0945634266886,0.0
BEP.PR.E.TO,2020.4586070959265,1020.0
FCUQ.TO,2014.1904761904761,100.0
XCD.TO,2013.3763513513513,790.0
HPF.U.TO,2007.4522184300342,0.0
CIU.PR.A.TO,2005.798902195609,700.0
DFD.TO,1997.7819383259912,267.0
WFS.PR.A.TO,1997.120758483034,500.0
ALA.PR.B.TO,1982.8194607268465,800.0
PDV.TO,1973.6198372966207,1166.5
QXM.TO,1972.7885811192764,700.0
ZUP.TO,1942.4598825831702,670.0
CARS.TO,1938.851851851852,392.0
AKU.TO,1937.4285714285713,245.0
NALT.TO,1934.9,200.0
RQG.TO,1903.503481521157,355.0
ACO.Y.TO,1889.9119511622446,250.0
FPR.TO,1885.9237410071942,728.0
XMF.PR.B.TO,1880.5513972055887,0.0
ZEUS.TO,1876.0261627906978,500.0
XTD.PR.A.TO,1871.5768463073853,5.0
BIR.PR.C.TO,1861.294817927171,900.0
HTB.TO,1848.5400410677619,300.0
ZLU.U.TO,1845.695886716116,370.0
DC.WT.TO,1843.7421052631578,100.0
BCE.PR.N.TO,1839.866574965612,600.0
HARC.TO,1832.090909090909,188.5
HXQ.TO,1825.4299719887956,605.5
DGR.B.TO,1819.6091603053435,150.0
QUS.TO,1815.9171483622351,393.0
HCRE.TO,1797.5454545454545,205.0
SPPP.U.TO,1789.376923076923,200.0
CBT.UN.TO,1778.4629948364889,0.0
FLOT.U.TO,1778.2616279069769,0.0
CARS.B.TO,1774.5840455840455,0.0
MLD.UN.TO,1771.6552100381887,0.0
VVO.TO,1758.5223880597016,851.0
DQI.TO,1751.0687022900763,50.0
HAJ.TO,1745.0050062578223,282.0
ZGD.TO,1743.04076433121,447.0
CXF.TO,1741.8961776859503,368.0
HUF.TO,1728.6007380073802,200.0
PMM.TO,1723.772602739726,629.0
HGC.TO,1722.2480620155038,200.0
FLCI.TO,1709.4380733944954,63.5
DCS.TO,1709.0842105263157,80.0
EDGE.TO,1644.813725490196,53.5
BCE.PR.Z.TO,1644.2305389221558,912.0
THU.TO,1643.281207133059,256.0
XGI.TO,1642.3148648648648,533.0
HAL.TO,1630.8881932021468,474.0
RIG.TO,1629.0821018062397,475.0
TPE.TO,1626.8669410150892,506.0
HFMU.TO,1622.1017964071857,172.0
EMA.PR.B.TO,1615.3031674208146,600.0
XDUH.TO,1610.9148936170213,100.0
QUU.TO,1609.625,300.0
FST.TO,1608.1851851851852,471.0
RWX.TO,1600.8933333333334,80.0
ONEQ.TO,1600.3831168831168,1105.5
SBI.TO,1591.21482602118,0.0
NEW.A.TO,1585.0306393244873,200.0
PMIF.U.TO,1574.38,0.0
MXF.TO,1551.2399380804954,555.0
QIE.TO,1548.2466281310212,300.0
ENB.PR.C.TO,1545.036866359447,200.0
CAGS.TO,1538.158273381295,149.0
XMS.TO,1527.352288488211,225.0
TXF.B.TO,1526.1105121293801,218.0
XDGH.TO,1516.5839243498817,385.0
PINV.TO,1515.506726457399,0.0
HTA.U.TO,1506.415274463007,0.0
NPI.PR.B.TO,1505.9566236811254,500.0
PXS.TO,1505.1525773195876,100.0
HFY.U.TO,1485.6370757180157,0.0
KILO.TO,1465.4050632911392,0.0
FCLH.TO,1455.5238095238096,0.0
BANK.TO,1428.8917197452229,100.0
TEV.WT.TO,1414.4353741496598,109.0
GRP.PR.A.TO,1406.1788268955652,400.0
AYM.TO,1405.0035756853397,0.0
NEW.PR.D.TO,1394.2771084337348,0.0
VB.PR.A.TO,1386.7251798561151,100.0
VLB.TO,1382.8830409356726,315.0
FSF.TO,1353.2995780590718,50.0
MINT.TO,1353.2296137339056,339.5
GWO.PR.O.TO,1342.8582278481013,300.0
STPL.TO,1340.5074309978768,40.0
PPR.WT.TO,1338.818565400844,0.0
FFH.PR.J.TO,1337.73417721519,600.0
FHI.TO,1326.3295454545455,0.0
ZIC.U.TO,1320.013486176669,30.0
FLEM.TO,1312.2862453531598,100.0
BAM.PR.S.TO,1306.3182503770738,225.0
BPO.PR.W.TO,1295.2482853223594,200.0
ZGB.TO,1293.4650205761318,0.0
RWU.TO,1289.4639746634996,10.0
ZDY.U.TO,1288.9035738368173,289.0
BPO.PR.Y.TO,1277.008230452675,0.0
HGGG.TO,1275.6785714285713,670.0
PMTS.TO,1272.4238488783944,300.0
BAM.PR.E.TO,1268.9515968063872,500.0
FHH.TO,1250.039704524469,115.0
RUBY.TO,1244.6,193.0
QEM.TO,1235.795761078998,231.0
FIG.U.TO,1233.62,0.0
GCT.TO,1231.1062717770035,2.0
TTP.TO,1229.7544581618656,400.0
ZPW.U.TO,1222.5345622119817,70.0
FHQ.TO,1214.601108033241,207.0
FLRM.TO,1210.4587155963302,100.0
HII.TO,1204.8354430379748,200.0
HUBL.TO,1188.4318181818182,428.0
FLGA.TO,1184.892857142857,0.0
HSE.PR.B.TO,1183.6758241758241,200.0
SBN.PR.A.TO,1181.7784431137725,0.0
RQH.TO,1174.0444563470808,113.0
CAGG.TO,1162.851318944844,335.0
PIN.TO,1142.7848285922685,51.0
PHW.TO,1142.606846473029,50.0
MPC.TO,1134.5295808383235,100.0
TRP.PR.I.TO,1129.7971391417425,261.0
MPCF.TO,1117.4171974522294,142.5
HGR.TO,1103.0765550239234,17.0
BMO.PR.A.TO,1099.0208,200.0
SYLD.TO,1082.1255605381166,0.0
WFC.TO,1067.3628381585193,100.0
PUD.TO,1059.750469043152,93.5
FCUL.TO,1045.7142857142858,129.0
DANC.TO,1043.1904761904761,200.0
VSG.TO,1043.037037037037,2.0
EARN.TO,1023.8115942028985,0.0
HBG.U.TO,1023.1253263707572,100.0
HXT.U.TO,1020.4689863842663,0.0
HXF.TO,996.8306451612904,58.0
HGM.TO,979.5222348916761,0.0
RAV.UN.TO,974.9197368421053,0.0
RXE.TO,972.1537467700258,0.0
DXF.TO,969.3541076487252,42.0
PDIV.TO,967.0416666666666,2.0
PHE.B.TO,964.3107438016528,100.0
BPO.PR.S.TO,961.5216666666666,200.0
BPO.PR.X.TO,954.0356652949246,100.0
RQI.TO,950.4752970606629,72.0
NREA.TO,947.4,379.5
ELF.TO,947.3914272256242,200.0
IFC.PR.D.TO,945.5657237936772,300.0
GCG.TO,928.1074465343984,0.0
RUE.TO,926.3757894736842,95.0
VCB.TO,925.6608187134503,60.0
DGR.TO,925.624427480916,66.0
FHC.TO,924.1837488457987,0.0
ZJO.TO,918.7377272727273,330.5
QCD.TO,916.102119460501,198.0
ONEB.TO,907.5652173913044,39.5
MCSB.TO,898.6974522292994,0.0
BPS.PR.C.TO,891.0237288135593,0.0
PSU.U.TO,880.1673306772908,40.0
DQD.TO,861.363358778626,86.0
CALL.TO,855.8475073313783,0.0
PBI.TO,854.9371900826446,125.0
ELV.TO,848.8946428571429,123.5
QCN.TO,846.8455882352941,100.0
BEK.B.TO,845.2249388753056,0.0
WCM.A.TO,840.9595345146787,0.0
ZUP.U.TO,838.2172211350294,0.0
FQC.TO,834.328125,71.0
CES.B.TO,831.6955252918287,0.0
CED.TO,830.3881322957199,60.0
CAPS.U.TO,828.2608695652174,0.0
GMP.PR.C.TO,825.9298486932599,100.0
ZFS.L.TO,819.6555772994129,0.0
FCCQ.TO,806.7142857142857,0.0
RUD.U.TO,799.2433697347894,100.0
JAPN.B.TO,797.6043165467626,0.0
MIVG.TO,796.9808917197453,0.0
QAH.TO,795.2788104089219,0.0
MINT.B.TO,794.9763948497854,29.0
DXC.TO,794.3084291187739,106.0
BLCK.TO,792.2683982683983,0.0
ZCS.L.TO,786.2876712328767,0.0
SLF.PR.K.TO,785.0898502495841,15.0
VIDY.TO,762.1788617886178,400.0
FN.PR.B.TO,756.6740027510316,0.0
OLY.TO,749.3693430656934,400.0
QCE.TO,745.7610294117648,0.0
FST.A.TO,744.063492063492,200.0
PDV.PR.A.TO,732.2200598802395,0.0
ZCON.TO,730.4,552.0
TXT.PR.A.TO,730.2619760479042,180.5
FUD.TO,726.2912353347136,40.0
PXG.TO,723.2783505154639,0.0
DISC.TO,722.5817409766454,0.0
CCZ.PR.A.TO,718.5578947368421,0.0
RUEH.TO,716.8863157894737,1.5
HCN.TO,715.197956577267,120.0
EVT.TO,712.0037252619325,200.0
HEUR.TO,710.922131147541,0.0
USB.U.TO,710.2359063313096,0.0
IQD.TO,709.9160305343512,0.0
BKL.U.TO,706.3571428571429,0.0
DCC.TO,703.6863157894737,0.0
RQJ.TO,701.528735632184,0.0
BPS.PR.U.TO,692.9008474576272,0.0
PZW.TO,691.0230607966457,35.0
FDV.TO,690.5996425379803,65.0
CCL.A.TO,671.9952606635071,0.0
DCP.TO,669.858947368421,260.0
CACB.TO,664.304347826087,100.0
XMY.TO,660.7239944521498,35.0
MULC.B.TO,660.0622317596567,0.0
FHQ.F.TO,659.4006622516556,0.0
ZVU.TO,657.9505813953489,0.0
FBE.TO,650.157980456026,0.0
RWC.TO,634.8346581875994,0.0
RUBH.TO,626.2974358974359,0.0
ZHP.TO,620.7142857142857,97.0
RGRE.TO,612.9555555555555,0.0
HXDM.U.TO,611.6968838526913,0.0
The.TO,611.4951989026063,10.0
BGU.TO,610.0553359683795,35.0
JE.PR.U.TO,609.8897637795276,0.0
REIT.TO,608.6675824175824,67.5
PUD.B.TO,607.124765478424,0.0
CAPS.TO,601.6129032258065,0.0
EHE.B.TO,601.139896373057,0.0
HTH.TO,594.7783251231527,0.0
TPX.A.TO,590.16961362148,0.0
PBI.B.TO,587.0046168051708,0.0
RQL.TO,581.3982300884956,0.0
VB.PR.B.TO,580.1985611510792,0.0
RBOT.U.TO,578.8058252427185,0.0
RIE.TO,574.6842105263158,4.0
FHE.TO,572.5918744228993,0.0
TUSB.TO,560.0579710144928,0.0
QBB.TO,557.7249070631971,0.0
FCCL.TO,554.1904761904761,0.0
RGRE.U.TO,547.9376391982182,0.0
CES.TO,543.6887159533073,30.0
VLQ.TO,543.2089552238806,101.0
RQK.TO,541.9014778325123,0.0
RCE.TO,540.1842105263158,30.0
DXO.TO,521.2873563218391,0.0
SFIX.TO,515.2486486486487,0.0
FHF.TO,510.33240997229916,0.0
HTB.U.TO,502.9753593429158,0.0
LGT.A.TO,502.74322916666665,0.0
PZC.TO,496.0927835051546,0.0
FLB.TO,488.41870503597124,0.0
TUSB.U.TO,487.463768115942,0.0
RIEH.TO,483.4873684210526,0.0
BPS.PR.A.TO,480.1949152542373,69.0
DII.A.TO,472.45586540677573,101.0
RUSB.U.TO,466.5,0.0
HXQ.U.TO,465.66946778711485,0.0
HEMB.TO,456.5673758865248,200.0
LDGR.TO,455.50467289719626,0.0
BPS.PR.B.TO,455.2872881355932,0.0
ZJN.TO,450.9263970922308,110.0
CTC.TO,450.6777727065267,300.0
ZCB.TO,443.97278911564626,0.0
CMCE.TO,442.39130434782606,100.0
FLSL.TO,441.5,50.0
VGV.TO,432.53411306042887,0.0
RPD.U.TO,431.83838383838383,0.0
ALB.PR.C.TO,416.6830892143808,0.0
FHG.TO,414.7876269621422,0.0
SEC.TO,409.01286426883695,0.0
LIFE.TO,406.5479041916168,0.0
MUMC.TO,399.54935622317595,0.0
ULV.C.TO,396.44208494208493,0.0
FDE.TO,395.3492063492063,2.0
JAPN.TO,389.47482014388487,0.0
RBDI.TO,383.0,0.0
BSC.PR.C.TO,380.0896391152503,0.0
QUIG.TO,373.7918215613383,0.0
CYBR.B.TO,370.33798882681566,24.0
UMI.TO,370.11484593837537,100.0
MCLC.TO,368.8519313304721,0.0
BGC.TO,365.6403162055336,0.0
EGIF.TO,360.1875,0.0
NFAM.TO,356.8,315.0
QHY.TO,351.58088235294116,0.0
MUMC.B.TO,346.96781115879827,0.0
RUSB.TO,339.50887573964496,0.0
POW.PR.F.TO,336.0918163672655,0.0
THNK.TO,334.4579439252336,0.0
RXD.U.TO,333.67676767676767,0.0
LIFE.B.TO,331.1317365269461,0.0
HUL.U.TO,328.6211604095563,0.0
CORP.TO,327.21824104234526,0.0
GOGO.TO,320.68091168091166,0.0
FHC.F.TO,309.15562913907286,0.0
FHD.TO,308.196675900277,0.0
ZGSB.TO,307.6666666666667,0.0
EMV.B.TO,304.8095238095238,0.0
PRA.TO,302.81268221574345,0.0
BGU.U.TO,299.4861660079051,0.0
ZPS.L.TO,296.8825831702544,0.0
DCG.TO,286.54105263157896,100.0
FCIQ.TO,281.3333333333333,0.0
ZVC.TO,278.25,0.0
BKCH.TO,274.4556213017751,55.0
MULC.TO,274.39270386266094,0.0
BDIV.TO,268.46590909090907,0.0
FSD.A.TO,261.9115734720416,0.0
HUBL.U.TO,254.52272727272728,0.0
RUBY.U.TO,253.7846153846154,0.0
CMUE.TO,246.2173913043478,0.0
CHNA.B.TO,242.0863309352518,0.0
ZSB.TO,241.95473251028807,0.0
CAPS.B.TO,240.11143695014664,0.0
LINK.TO,236.58196721311475,0.0
SCAD.TO,229.94054054054055,0.0
HERS.TO,221.89664804469274,0.0
FSR.TO,216.8139534883721,0.0
ETHI.TO,216.2948717948718,0.0
FHM.TO,212.18467220683286,0.0
RXE.U.TO,209.51679586563307,0.0
HID.TO,207.52213740458015,0.0
FCIL.TO,193.71428571428572,0.0
FHI.B.TO,191.7840909090909,0.0
EQL.U.TO,185.09139784946237,0.0
SUSA.TO,180.57837837837837,0.0
PZW.F.TO,174.53159851301115,0.0
APY.TO,173.14221556886227,0.0
RMBO.TO,160.44082840236686,0.0
SBND.TO,159.92307692307693,0.0
BPRF.TO,158.75,0.0
PXS.U.TO,155.64742268041238,0.0
WOMN.TO,152.95698924731184,0.0
FOUR.TO,152.68,15.0
SINT.TO,152.57297297297296,0.0
DRMC.TO,150.91176470588235,0.0
FLUI.TO,134.58673469387756,0.0
PXG.U.TO,130.5701030927835,0.0
PYF.U.TO,130.03389830508473,0.0
IQD.B.TO,127.80458015267176,0.0
FHU.TO,126.55309325946445,0.0
DRMU.TO,124.18627450980392,0.0
RIE.U.TO,121.91157894736843,0.0
RLD.TO,121.09689922480621,0.0
CJT.A.TO,120.45829195630586,0.0
CNU.TO,115.32648569332355,4.0
KILO.U.TO,114.43037974683544,0.0
EUR.A.TO,114.23659305993691,0.0
HADM.TO,103.2874617737003,0.0
DXZ.TO,101.8158640226629,0.0
RUE.U.TO,101.24315789473684,0.0
AKT.B.TO,98.01494102228047,0.0
RLE.TO,94.94315245478036,0.0
QSB.TO,90.70260223048327,0.0
HERS.B.TO,82.76815642458101,0.0
SPPP.TO,82.49640287769785,0.0
ULV.U.TO,78.8011583011583,0.0
FFH.U.TO,77.73652694610779,0.0
DCU.TO,77.3957894736842,0.0
QDX.TO,76.71691176470588,0.0
IGLB.TO,75.46511627906976,0.0
HCBB.TO,65.27312775330397,0.0
CMUE.F.TO,61.30434782608695,0.0
BFIN.TO,51.81818181818182,0.0
MUSC.TO,51.79099678456592,0.0
DRFC.TO,47.745098039215684,0.0
WCM.B.TO,47.16582513951634,0.0
MCSM.TO,39.633440514469456,0.0
DRFD.TO,39.3235294117647,0.0
POW.PR.E.TO,36.22355289421158,0.0
TIME.B.TO,31.671554252199414,0.0
CAFR.TO,26.08695652173913,0.0
DRCU.TO,18.431372549019606,0.0
FLBA.TO,17.981412639405203,0.0
QDXH.TO,5.5278810408921935,0.0
CJT.DB.D.TO,0,0
CRWN.DB.TO,0,0
FC.DB.J.TO,0,0
GCM.NT.U.TO,0,0
IVQ.DB.V.TO,0,0
RSI.DB.F.TO,0,0
TH.DB.U.TO,0,0
